/*
-- Query: select `user_id`, `login_name`, `nickname`, `login_pwd`, `login_pwd_strength`, `kind`, `level`, `user_referee`, `mobile`, `id_kind`, `id_no`, `real_name`, `trade_pwd`, `trade_pwd_strength`, `role_code`, `status`, `pdf`, `amount`, `lj_amount`, `company_code`, `open_id`, `jpush_id`, `updater`, `update_datetime`, `longitude`, `latitude`, `remark`, `system_code` from tstd_user where login_name = 'admin'
LIMIT 0, 10000

-- Date: 2017-03-05 22:51
*/
INSERT INTO `tstd_user` (`user_id`,`login_name`,`nickname`,`login_pwd`,`login_pwd_strength`,`kind`,`level`,`user_referee`,`mobile`,`id_kind`,`id_no`,`real_name`,`trade_pwd`,`trade_pwd_strength`,`role_code`,`status`,`pdf`,`company_code`,`open_id`,`jpush_id`,`updater`,`update_datetime`,`remark`,`system_code`) VALUES ('SYS_USER_ADMIN','admin',NULL,'21218cca77804d2ba1922c33e0151105','1','01','0',NULL,NULL,NULL,NULL,NULL,NULL,NULL,'SRSysAdmin','0',NULL,NULL,NULL,NULL,'admin',NULL,'管理端系统方','CD-JKEG000011');
INSERT INTO `tstd_user` (`user_id`,`login_name`,`nickname`,`login_pwd`,`login_pwd_strength`,`kind`,`level`,`user_referee`,`mobile`,`id_kind`,`id_no`,`real_name`,`trade_pwd`,`trade_pwd_strength`,`role_code`,`status`,`pdf`,`company_code`,`open_id`,`jpush_id`,`updater`,`update_datetime`,`remark`,`system_code`) VALUES ('SYS_USER_JKEG','jkeg',NULL,'21218cca77804d2ba1922c33e0151105','1','01','0',NULL,NULL,NULL,NULL,NULL,NULL,NULL,'SRSuperAdmin','0',NULL,NULL,NULL,NULL,'admin',now(),'','CD-JKEG000011');

/*
-- Query: SELECT ckey,cvalue,note,updater, now() as update_datetime,remark,system_code FROM tsys_config where system_code = 'CD-CYC000009'
LIMIT 0, 10000

-- Date: 2017-04-05 23:16
*/
INSERT INTO `tsys_config` (`ckey`,`cvalue`,`note`,`updater`,`update_datetime`,`remark`,`company_code`,`system_code`) VALUES ('aboutus','关于我们','关于我们','admin',now(),NULL,'CD-JKEG000011','CD-JKEG000011');
INSERT INTO `tsys_config` (`ckey`,`cvalue`,`note`,`updater`,`update_datetime`,`remark`,`company_code`,`system_code`) VALUES ('reg_protocol','注册协议','注册协议','admin',now(),NULL,'CD-JKEG000011','CD-JKEG000011');
INSERT INTO `tsys_config` (`ckey`,`cvalue`,`note`,`updater`,`update_datetime`,`remark`,`company_code`,`system_code`) VALUES ('telephone','服务热线','0571-86162013','admin',now(),NULL,'CD-JKEG000011','CD-JKEG000011');
INSERT INTO `tsys_config` (`ckey`,`cvalue`,`note`,`updater`,`update_datetime`,`remark`,`company_code`,`system_code`) VALUES ('time','服务时间','09:30:00AM—17:00:00PM','admin',now(),NULL,'CD-JKEG000011','CD-JKEG000011');

/*
-- Query: SELECT code,name,type,url,order_no,updater, now() as update_datetime,remark,parent_code,system_code FROM tsys_menu where system_code = 'CD-JKEG000011'
-- Date: 2017-06-15 19:30
*/
INSERT INTO `tsys_menu` (`code`,`name`,`type`,`url`,`order_no`,`updater`,`update_datetime`,`remark`,`parent_code`,`system_code`) VALUES ('JKEGSM201600000000000000','根目录','1','#','1','admin','2017-06-15 19:29:06','','','CD-JKEG000011');
INSERT INTO `tsys_menu` (`code`,`name`,`type`,`url`,`order_no`,`updater`,`update_datetime`,`remark`,`parent_code`,`system_code`) VALUES ('JKEGSM201600001000000001','系统管理','1','#','1','admin','2017-06-15 19:29:06','','JKEGSM201600000000000000','CD-JKEG000011');
INSERT INTO `tsys_menu` (`code`,`name`,`type`,`url`,`order_no`,`updater`,`update_datetime`,`remark`,`parent_code`,`system_code`) VALUES ('JKEGSM201600001000000002','运维管理','1','#','2','admin','2017-06-15 19:29:06',NULL,'JKEGSM201600001000000001','CD-JKEG000011');
INSERT INTO `tsys_menu` (`code`,`name`,`type`,`url`,`order_no`,`updater`,`update_datetime`,`remark`,`parent_code`,`system_code`) VALUES ('JKEGSM201600001000000003','菜单管理','1','/security/menu.htm','1','admin','2017-06-15 19:29:06','','JKEGSM201600001000000002','CD-JKEG000011');
INSERT INTO `tsys_menu` (`code`,`name`,`type`,`url`,`order_no`,`updater`,`update_datetime`,`remark`,`parent_code`,`system_code`) VALUES ('JKEGSM201600001000000004','新增','2','/add','1','admin','2017-06-15 19:29:06','','JKEGSM201600001000000003','CD-JKEG000011');
INSERT INTO `tsys_menu` (`code`,`name`,`type`,`url`,`order_no`,`updater`,`update_datetime`,`remark`,`parent_code`,`system_code`) VALUES ('JKEGSM2016101716241339082','运营管理','1','#','1','admin','2017-06-15 19:29:06','','JKEGSM201600001000000001','CD-JKEG000011');
INSERT INTO `tsys_menu` (`code`,`name`,`type`,`url`,`order_no`,`updater`,`update_datetime`,`remark`,`parent_code`,`system_code`) VALUES ('JKEGSM2016101716253866426','角色管理','1','/security/role.htm','1','admin','2017-06-15 19:29:06','','JKEGSM2016101716241339082','CD-JKEG000011');
INSERT INTO `tsys_menu` (`code`,`name`,`type`,`url`,`order_no`,`updater`,`update_datetime`,`remark`,`parent_code`,`system_code`) VALUES ('JKEGSM2016101716261754674','用户管理','1','/security/user.htm','2','admin','2017-06-15 19:29:06','','JKEGSM2016101716241339082','CD-JKEG000011');
INSERT INTO `tsys_menu` (`code`,`name`,`type`,`url`,`order_no`,`updater`,`update_datetime`,`remark`,`parent_code`,`system_code`) VALUES ('JKEGSM2016101716290657836','系统参数管理','1','/general/param.htm','2','admin','2017-06-15 19:29:06','','JKEGSM201600001000000002','CD-JKEG000011');
INSERT INTO `tsys_menu` (`code`,`name`,`type`,`url`,`order_no`,`updater`,`update_datetime`,`remark`,`parent_code`,`system_code`) VALUES ('JKEGSM2016101716295904680','数据字典管理','1','/general/dict.htm','3','admin','2017-06-15 19:29:06','','JKEGSM201600001000000002','CD-JKEG000011');
INSERT INTO `tsys_menu` (`code`,`name`,`type`,`url`,`order_no`,`updater`,`update_datetime`,`remark`,`parent_code`,`system_code`) VALUES ('JKEGSM2016101716450533995','分配菜单','2','/change','4','admin','2017-06-15 19:29:06','','JKEGSM2016101716253866426','CD-JKEG000011');
INSERT INTO `tsys_menu` (`code`,`name`,`type`,`url`,`order_no`,`updater`,`update_datetime`,`remark`,`parent_code`,`system_code`) VALUES ('JKEGSM2016101717551955993','新增','2','/add','1','admin','2017-06-15 19:29:06','','JKEGSM2016101716253866426','CD-JKEG000011');
INSERT INTO `tsys_menu` (`code`,`name`,`type`,`url`,`order_no`,`updater`,`update_datetime`,`remark`,`parent_code`,`system_code`) VALUES ('JKEGSM2016101717560118734','修改','2','/edit','2','admin','2017-06-15 19:29:06','','JKEGSM2016101716253866426','CD-JKEG000011');
INSERT INTO `tsys_menu` (`code`,`name`,`type`,`url`,`order_no`,`updater`,`update_datetime`,`remark`,`parent_code`,`system_code`) VALUES ('JKEGSM2016101717563661357','删除','2','/delete','3','admin','2017-06-15 19:29:06','','JKEGSM2016101716253866426','CD-JKEG000011');
INSERT INTO `tsys_menu` (`code`,`name`,`type`,`url`,`order_no`,`updater`,`update_datetime`,`remark`,`parent_code`,`system_code`) VALUES ('JKEGSM2016101719082391126','新增','2','/add','1','admin','2017-06-15 19:29:06','','JKEGSM2016101716261754674','CD-JKEG000011');
INSERT INTO `tsys_menu` (`code`,`name`,`type`,`url`,`order_no`,`updater`,`update_datetime`,`remark`,`parent_code`,`system_code`) VALUES ('JKEGSM2016101719094151894','重置密码','2','/reset','2','admin','2017-06-15 19:29:06','','JKEGSM2016101716261754674','CD-JKEG000011');
INSERT INTO `tsys_menu` (`code`,`name`,`type`,`url`,`order_no`,`updater`,`update_datetime`,`remark`,`parent_code`,`system_code`) VALUES ('JKEGSM2016101719100760088','注销','2','/rock','4','admin','2017-06-15 19:29:06','','JKEGSM2016101716261754674','CD-JKEG000011');
INSERT INTO `tsys_menu` (`code`,`name`,`type`,`url`,`order_no`,`updater`,`update_datetime`,`remark`,`parent_code`,`system_code`) VALUES ('JKEGSM2016101719110981215','设置角色','2','/assign','5','admin','2017-06-15 19:29:06','','JKEGSM2016101716261754674','CD-JKEG000011');
INSERT INTO `tsys_menu` (`code`,`name`,`type`,`url`,`order_no`,`updater`,`update_datetime`,`remark`,`parent_code`,`system_code`) VALUES ('JKEGSM2016101719140087629','修改','2','/edit','1','admin','2017-06-15 19:29:06','','JKEGSM2016101716290657836','CD-JKEG000011');
INSERT INTO `tsys_menu` (`code`,`name`,`type`,`url`,`order_no`,`updater`,`update_datetime`,`remark`,`parent_code`,`system_code`) VALUES ('JKEGSM2016101719143965297','修改','2','/edit','1','admin','2017-06-15 19:29:06','','JKEGSM2016101716295904680','CD-JKEG000011');
INSERT INTO `tsys_menu` (`code`,`name`,`type`,`url`,`order_no`,`updater`,`update_datetime`,`remark`,`parent_code`,`system_code`) VALUES ('JKEGSM2016120610552303416','激活','2','/active','3','admin','2017-06-15 19:29:06','','JKEGSM2016101716261754674','CD-JKEG000011');
INSERT INTO `tsys_menu` (`code`,`name`,`type`,`url`,`order_no`,`updater`,`update_datetime`,`remark`,`parent_code`,`system_code`) VALUES ('JKEGSM2017032911200961325','修改','2','/edit','2','admin','2017-06-15 19:29:06','','JKEGSM201600001000000003','CD-JKEG000011');
INSERT INTO `tsys_menu` (`code`,`name`,`type`,`url`,`order_no`,`updater`,`update_datetime`,`remark`,`parent_code`,`system_code`) VALUES ('SM201706061802006383128','平台管理','1','#','2','admin','2017-06-15 19:29:06','','JKEGSM201600000000000000','CD-JKEG000011');
INSERT INTO `tsys_menu` (`code`,`name`,`type`,`url`,`order_no`,`updater`,`update_datetime`,`remark`,`parent_code`,`system_code`) VALUES ('SM201706061806430243314','我的账户','1','#','1','admin','2017-06-15 19:29:06','','SM201706061802006383128','CD-JKEG000011');
INSERT INTO `tsys_menu` (`code`,`name`,`type`,`url`,`order_no`,`updater`,`update_datetime`,`remark`,`parent_code`,`system_code`) VALUES ('SM20170607093745983166','论坛管理','1','#','2','admin','2017-06-15 19:29:06','','SM201706061802006383128','CD-JKEG000011');
INSERT INTO `tsys_menu` (`code`,`name`,`type`,`url`,`order_no`,`updater`,`update_datetime`,`remark`,`parent_code`,`system_code`) VALUES ('SM201706070938254724260','商户类别管理','1','/O2O/category.htm','1','admin','2017-06-15 19:29:06','','SM201706070940442936709','CD-JKEG000011');
INSERT INTO `tsys_menu` (`code`,`name`,`type`,`url`,`order_no`,`updater`,`update_datetime`,`remark`,`parent_code`,`system_code`) VALUES ('SM201706070938459175390','商户管理','1','/O2O/productor.htm','2','admin','2017-06-15 19:29:06','','SM201706070940442936709','CD-JKEG000011');
INSERT INTO `tsys_menu` (`code`,`name`,`type`,`url`,`order_no`,`updater`,`update_datetime`,`remark`,`parent_code`,`system_code`) VALUES ('SM201706070939074951405','名宿管理','1','#','5','admin','2017-06-15 19:29:06','','SM201706061802006383128','CD-JKEG000011');
INSERT INTO `tsys_menu` (`code`,`name`,`type`,`url`,`order_no`,`updater`,`update_datetime`,`remark`,`parent_code`,`system_code`) VALUES ('SM201706070940442936709','O2O管理','1','#','4','admin','2017-06-15 19:29:06','','SM201706061802006383128','CD-JKEG000011');
INSERT INTO `tsys_menu` (`code`,`name`,`type`,`url`,`order_no`,`updater`,`update_datetime`,`remark`,`parent_code`,`system_code`) VALUES ('SM201706070944401103407','商城管理','1','#','3','admin','2017-06-15 19:29:06','','SM201706061802006383128','CD-JKEG000011');
INSERT INTO `tsys_menu` (`code`,`name`,`type`,`url`,`order_no`,`updater`,`update_datetime`,`remark`,`parent_code`,`system_code`) VALUES ('SM201706070945103376874','客户管理','1','#','8','admin','2017-06-15 19:29:06','','SM201706061802006383128','CD-JKEG000011');
INSERT INTO `tsys_menu` (`code`,`name`,`type`,`url`,`order_no`,`updater`,`update_datetime`,`remark`,`parent_code`,`system_code`) VALUES ('SM201706070945485223732','文章管理','1','#','20','admin','2017-06-15 19:29:06','','SM201706061802006383128','CD-JKEG000011');
INSERT INTO `tsys_menu` (`code`,`name`,`type`,`url`,`order_no`,`updater`,`update_datetime`,`remark`,`parent_code`,`system_code`) VALUES ('SM201706070951306538991','我的账户','1','/plantform/account.htm','1','admin','2017-06-15 19:29:06','','SM201706061806430243314','CD-JKEG000011');
INSERT INTO `tsys_menu` (`code`,`name`,`type`,`url`,`order_no`,`updater`,`update_datetime`,`remark`,`parent_code`,`system_code`) VALUES ('SM201706070953059498646','关于我们','1','/public/aboutus.htm','2','admin','2017-06-15 19:29:06','','SM201706070945485223732','CD-JKEG000011');
INSERT INTO `tsys_menu` (`code`,`name`,`type`,`url`,`order_no`,`updater`,`update_datetime`,`remark`,`parent_code`,`system_code`) VALUES ('SM201706070955439899232','运营商管理','1','/member/partner.htm','1','admin','2017-06-15 19:29:06','','SM201706070945103376874','CD-JKEG000011');
INSERT INTO `tsys_menu` (`code`,`name`,`type`,`url`,`order_no`,`updater`,`update_datetime`,`remark`,`parent_code`,`system_code`) VALUES ('SM201706071546192158330','商户','1','#','30','admin','2017-06-15 19:29:06','','JKEGSM201600000000000000','CD-JKEG000011');
INSERT INTO `tsys_menu` (`code`,`name`,`type`,`url`,`order_no`,`updater`,`update_datetime`,`remark`,`parent_code`,`system_code`) VALUES ('SM201706071547155502225','店铺管理','1','#','1','admin','2017-06-15 19:29:06','','SM201706071546192158330','CD-JKEG000011');
INSERT INTO `tsys_menu` (`code`,`name`,`type`,`url`,`order_no`,`updater`,`update_datetime`,`remark`,`parent_code`,`system_code`) VALUES ('SM201706071548155461667','智慧名宿','1','#','40','admin','2017-06-15 19:29:06','','JKEGSM201600000000000000','CD-JKEG000011');
INSERT INTO `tsys_menu` (`code`,`name`,`type`,`url`,`order_no`,`updater`,`update_datetime`,`remark`,`parent_code`,`system_code`) VALUES ('SM201706071550118604565','店铺管理','1','#','1','admin','2017-06-15 19:29:06','','SM201706071548155461667','CD-JKEG000011');
INSERT INTO `tsys_menu` (`code`,`name`,`type`,`url`,`order_no`,`updater`,`update_datetime`,`remark`,`parent_code`,`system_code`) VALUES ('SM201706071551047009537','运营商','1','#','3','admin','2017-06-15 19:29:06','','JKEGSM201600000000000000','CD-JKEG000011');
INSERT INTO `tsys_menu` (`code`,`name`,`type`,`url`,`order_no`,`updater`,`update_datetime`,`remark`,`parent_code`,`system_code`) VALUES ('SM201706071553486657612','商家管理','1','/plantform/account.htm','1','admin','2017-06-15 19:29:06','','SM201706071551047009537','CD-JKEG000011');
INSERT INTO `tsys_menu` (`code`,`name`,`type`,`url`,`order_no`,`updater`,`update_datetime`,`remark`,`parent_code`,`system_code`) VALUES ('SM201706071824230802805','营收流水','2','/revenue','8','admin','2017-06-15 19:29:06','','SM201706070938459175390','CD-JKEG000011');
INSERT INTO `tsys_menu` (`code`,`name`,`type`,`url`,`order_no`,`updater`,`update_datetime`,`remark`,`parent_code`,`system_code`) VALUES ('SM201706081041527417717','商品类别管理','1','/product/category.htm','1','admin','2017-06-15 19:29:06','','SM201706070944401103407','CD-JKEG000011');
INSERT INTO `tsys_menu` (`code`,`name`,`type`,`url`,`order_no`,`updater`,`update_datetime`,`remark`,`parent_code`,`system_code`) VALUES ('SM201706081042389183864','商品管理','1','/product/product.htm','2','admin','2017-06-15 19:29:06','','SM201706070944401103407','CD-JKEG000011');
INSERT INTO `tsys_menu` (`code`,`name`,`type`,`url`,`order_no`,`updater`,`update_datetime`,`remark`,`parent_code`,`system_code`) VALUES ('SM20170608104320603699','订单处理','1','/product/order.htm','3','admin','2017-06-15 19:29:06','','SM201706070944401103407','CD-JKEG000011');
INSERT INTO `tsys_menu` (`code`,`name`,`type`,`url`,`order_no`,`updater`,`update_datetime`,`remark`,`parent_code`,`system_code`) VALUES ('SM201706081058305898750','新增','2','/add','1','admin','2017-06-15 19:29:06','','SM201706081041527417717','CD-JKEG000011');
INSERT INTO `tsys_menu` (`code`,`name`,`type`,`url`,`order_no`,`updater`,`update_datetime`,`remark`,`parent_code`,`system_code`) VALUES ('SM20170608105949287222','修改','2','/edit','2','admin','2017-06-15 19:29:06','','SM201706081041527417717','CD-JKEG000011');
INSERT INTO `tsys_menu` (`code`,`name`,`type`,`url`,`order_no`,`updater`,`update_datetime`,`remark`,`parent_code`,`system_code`) VALUES ('SM201706081100545041123','上架','2','/up','3','admin','2017-06-15 19:29:06','','SM201706081041527417717','CD-JKEG000011');
INSERT INTO `tsys_menu` (`code`,`name`,`type`,`url`,`order_no`,`updater`,`update_datetime`,`remark`,`parent_code`,`system_code`) VALUES ('SM201706081101341977196','下架','2','/down','4','admin','2017-06-15 19:29:06','','SM201706081041527417717','CD-JKEG000011');
INSERT INTO `tsys_menu` (`code`,`name`,`type`,`url`,`order_no`,`updater`,`update_datetime`,`remark`,`parent_code`,`system_code`) VALUES ('SM201706081104035298218','新增','2','/add','1','admin','2017-06-15 19:29:06','','SM201706081042389183864','CD-JKEG000011');
INSERT INTO `tsys_menu` (`code`,`name`,`type`,`url`,`order_no`,`updater`,`update_datetime`,`remark`,`parent_code`,`system_code`) VALUES ('SM201706081105035246857','修改','2','/edit','2','admin','2017-06-15 19:29:06','','SM201706081042389183864','CD-JKEG000011');
INSERT INTO `tsys_menu` (`code`,`name`,`type`,`url`,`order_no`,`updater`,`update_datetime`,`remark`,`parent_code`,`system_code`) VALUES ('SM201706081105491362907','删除','2','/delete','3','admin','2017-06-15 19:29:06','','SM201706081042389183864','CD-JKEG000011');
INSERT INTO `tsys_menu` (`code`,`name`,`type`,`url`,`order_no`,`updater`,`update_datetime`,`remark`,`parent_code`,`system_code`) VALUES ('SM201706081107543351257','详情','2','/detail2','4','admin','2017-06-15 19:29:06','','SM201706081042389183864','CD-JKEG000011');
INSERT INTO `tsys_menu` (`code`,`name`,`type`,`url`,`order_no`,`updater`,`update_datetime`,`remark`,`parent_code`,`system_code`) VALUES ('SM201706081109199815331','上架','2','/up2','5','admin','2017-06-15 19:29:06','','SM201706081042389183864','CD-JKEG000011');
INSERT INTO `tsys_menu` (`code`,`name`,`type`,`url`,`order_no`,`updater`,`update_datetime`,`remark`,`parent_code`,`system_code`) VALUES ('SM20170608111030723304','下架','2','/down','6','admin','2017-06-15 19:29:06','','SM201706081042389183864','CD-JKEG000011');
INSERT INTO `tsys_menu` (`code`,`name`,`type`,`url`,`order_no`,`updater`,`update_datetime`,`remark`,`parent_code`,`system_code`) VALUES ('SM201706081112503345099','物流发货','2','/sendOutGoods','1','admin','2017-06-15 19:29:06','','SM20170608104320603699','CD-JKEG000011');
INSERT INTO `tsys_menu` (`code`,`name`,`type`,`url`,`order_no`,`updater`,`update_datetime`,`remark`,`parent_code`,`system_code`) VALUES ('SM201706081113306175389','取消订单','2','/cancelOrder','2','admin','2017-06-15 19:29:06','','SM20170608104320603699','CD-JKEG000011');
INSERT INTO `tsys_menu` (`code`,`name`,`type`,`url`,`order_no`,`updater`,`update_datetime`,`remark`,`parent_code`,`system_code`) VALUES ('SM201706081114157712081','确认收货','2','/confirmOrder','3','admin','2017-06-15 19:29:06','','SM20170608104320603699','CD-JKEG000011');
INSERT INTO `tsys_menu` (`code`,`name`,`type`,`url`,`order_no`,`updater`,`update_datetime`,`remark`,`parent_code`,`system_code`) VALUES ('SM201706081114599713874','详情','2','/detail','4','admin','2017-06-15 19:29:06','','SM20170608104320603699','CD-JKEG000011');
INSERT INTO `tsys_menu` (`code`,`name`,`type`,`url`,`order_no`,`updater`,`update_datetime`,`remark`,`parent_code`,`system_code`) VALUES ('SM201706081115515003680','导出','2','/export','5','admin','2017-06-15 19:29:06','','SM20170608104320603699','CD-JKEG000011');
INSERT INTO `tsys_menu` (`code`,`name`,`type`,`url`,`order_no`,`updater`,`update_datetime`,`remark`,`parent_code`,`system_code`) VALUES ('SM201706081348504839052','产品参数','2','/productParam','7','admin','2017-06-15 19:29:06','','SM201706081042389183864','CD-JKEG000011');
INSERT INTO `tsys_menu` (`code`,`name`,`type`,`url`,`order_no`,`updater`,`update_datetime`,`remark`,`parent_code`,`system_code`) VALUES ('SM201706091015288617285','财务管理','1','#','9','admin','2017-06-15 19:29:06','','SM201706061802006383128','CD-JKEG000011');
INSERT INTO `tsys_menu` (`code`,`name`,`type`,`url`,`order_no`,`updater`,`update_datetime`,`remark`,`parent_code`,`system_code`) VALUES ('SM201706091017135006401','健康管理','1','#','10','admin','2017-06-15 19:29:06','','SM201706061802006383128','CD-JKEG000011');
INSERT INTO `tsys_menu` (`code`,`name`,`type`,`url`,`order_no`,`updater`,`update_datetime`,`remark`,`parent_code`,`system_code`) VALUES ('SM201706091020079431821','我的商家','1','/partner/store.htm','1','admin','2017-06-15 19:29:06','','SM201706071553486657612','CD-JKEG000011');
INSERT INTO `tsys_menu` (`code`,`name`,`type`,`url`,`order_no`,`updater`,`update_datetime`,`remark`,`parent_code`,`system_code`) VALUES ('SM201706091024388862079','帖子管理','1','/forum/post.htm','1','admin','2017-06-15 19:29:06','','SM20170607093745983166','CD-JKEG000011');
INSERT INTO `tsys_menu` (`code`,`name`,`type`,`url`,`order_no`,`updater`,`update_datetime`,`remark`,`parent_code`,`system_code`) VALUES ('SM201706091025220189944','评论管理','1','/comment/manage.htm','2','admin','2017-06-15 19:29:06','','SM20170607093745983166','CD-JKEG000011');
INSERT INTO `tsys_menu` (`code`,`name`,`type`,`url`,`order_no`,`updater`,`update_datetime`,`remark`,`parent_code`,`system_code`) VALUES ('SM201706091029024979007','名宿管理','1','/partner/store.htm','1','admin','2017-06-15 19:29:06','','SM201706070939074951405','CD-JKEG000011');
INSERT INTO `tsys_menu` (`code`,`name`,`type`,`url`,`order_no`,`updater`,`update_datetime`,`remark`,`parent_code`,`system_code`) VALUES ('SM201706091030157547475','商户查询','1','/member/store.htm','2','admin','2017-06-15 19:29:06','','SM201706070945103376874','CD-JKEG000011');
INSERT INTO `tsys_menu` (`code`,`name`,`type`,`url`,`order_no`,`updater`,`update_datetime`,`remark`,`parent_code`,`system_code`) VALUES ('SM201706091030400304709','名宿查询','1','/member/houseOwner.htm','3','admin','2017-06-15 19:29:06','','SM201706070945103376874','CD-JKEG000011');
INSERT INTO `tsys_menu` (`code`,`name`,`type`,`url`,`order_no`,`updater`,`update_datetime`,`remark`,`parent_code`,`system_code`) VALUES ('SM201706091031162443237','会员查询','1','/member/custom.htm','4','admin','2017-06-15 19:29:06','','SM201706070945103376874','CD-JKEG000011');
INSERT INTO `tsys_menu` (`code`,`name`,`type`,`url`,`order_no`,`updater`,`update_datetime`,`remark`,`parent_code`,`system_code`) VALUES ('SM201706091032374585633','线下取现','1','/finance/lineUnder.htm','2','admin','2017-06-15 19:29:06','','SM201706091015288617285','CD-JKEG000011');
INSERT INTO `tsys_menu` (`code`,`name`,`type`,`url`,`order_no`,`updater`,`update_datetime`,`remark`,`parent_code`,`system_code`) VALUES ('SM20170609103257908459','待申请','2','/add','1','admin','2017-06-15 19:29:06','','SM201706091042089644743','CD-JKEG000011');
INSERT INTO `tsys_menu` (`code`,`name`,`type`,`url`,`order_no`,`updater`,`update_datetime`,`remark`,`parent_code`,`system_code`) VALUES ('SM201706091033277291480','健康任务管理','1','/health/manage.htm','1','admin','2017-06-15 19:29:06','','SM201706091017135006401','CD-JKEG000011');
INSERT INTO `tsys_menu` (`code`,`name`,`type`,`url`,`order_no`,`updater`,`update_datetime`,`remark`,`parent_code`,`system_code`) VALUES ('SM201706091034135079340','问卷管理','1','#','2','admin','2017-06-15 19:29:06','','SM201706091017135006401','CD-JKEG000011');
INSERT INTO `tsys_menu` (`code`,`name`,`type`,`url`,`order_no`,`updater`,`update_datetime`,`remark`,`parent_code`,`system_code`) VALUES ('SM20170609103433608735','资讯管理','1','/health/information.htm','3','admin','2017-06-15 19:29:06','','SM201706091017135006401','CD-JKEG000011');
INSERT INTO `tsys_menu` (`code`,`name`,`type`,`url`,`order_no`,`updater`,`update_datetime`,`remark`,`parent_code`,`system_code`) VALUES ('SM201706091034563354569','卡路里管理','1','/health/calorie.htm','4','admin','2017-06-15 19:29:06','','SM201706091017135006401','CD-JKEG000011');
INSERT INTO `tsys_menu` (`code`,`name`,`type`,`url`,`order_no`,`updater`,`update_datetime`,`remark`,`parent_code`,`system_code`) VALUES ('SM201706091035211453387','系统公告','1','/public/announce.htm','1','admin','2017-06-15 19:29:06','','SM201706070945485223732','CD-JKEG000011');
INSERT INTO `tsys_menu` (`code`,`name`,`type`,`url`,`order_no`,`updater`,`update_datetime`,`remark`,`parent_code`,`system_code`) VALUES ('SM201706091035557236346','服务电话','1','/public/serviceTel.htm','4','admin','2017-06-15 19:29:06','','SM201706070945485223732','CD-JKEG000011');
INSERT INTO `tsys_menu` (`code`,`name`,`type`,`url`,`order_no`,`updater`,`update_datetime`,`remark`,`parent_code`,`system_code`) VALUES ('SM201706091036176352060','服务时间','1','/public/serviceTime.htm','5','admin','2017-06-15 19:29:06','','SM201706070945485223732','CD-JKEG000011');
INSERT INTO `tsys_menu` (`code`,`name`,`type`,`url`,`order_no`,`updater`,`update_datetime`,`remark`,`parent_code`,`system_code`) VALUES ('SM201706091038290707008','结算管理','1','#','2','admin','2017-06-15 19:29:06','','SM201706071551047009537','CD-JKEG000011');
INSERT INTO `tsys_menu` (`code`,`name`,`type`,`url`,`order_no`,`updater`,`update_datetime`,`remark`,`parent_code`,`system_code`) VALUES ('SM201706091038563456446','我的账户','1','/partner/account.htm','1','admin','2017-06-15 19:29:06','','SM201706091038290707008','CD-JKEG000011');
INSERT INTO `tsys_menu` (`code`,`name`,`type`,`url`,`order_no`,`updater`,`update_datetime`,`remark`,`parent_code`,`system_code`) VALUES ('SM201706091039214869632','审核','2','/examine','21','admin','2017-06-15 19:29:06','','SM201706091042089644743','CD-JKEG000011');
INSERT INTO `tsys_menu` (`code`,`name`,`type`,`url`,`order_no`,`updater`,`update_datetime`,`remark`,`parent_code`,`system_code`) VALUES ('SM201706091039520695866','个人中心','1','#','3','admin','2017-06-15 19:29:06','','SM201706071551047009537','CD-JKEG000011');
INSERT INTO `tsys_menu` (`code`,`name`,`type`,`url`,`order_no`,`updater`,`update_datetime`,`remark`,`parent_code`,`system_code`) VALUES ('SM201706091040174351025','修改结算银行卡','1','/person/card.htm','1','admin','2017-06-15 19:29:06','','SM201706091039520695866','CD-JKEG000011');
INSERT INTO `tsys_menu` (`code`,`name`,`type`,`url`,`order_no`,`updater`,`update_datetime`,`remark`,`parent_code`,`system_code`) VALUES ('SM201706091040388686583','修改手机号','1','/person/telChange.htm','2','admin','2017-06-15 19:29:06','','SM201706091039520695866','CD-JKEG000011');
INSERT INTO `tsys_menu` (`code`,`name`,`type`,`url`,`order_no`,`updater`,`update_datetime`,`remark`,`parent_code`,`system_code`) VALUES ('SM201706091041019881742','营收流水','2','/revenue','7','admin','2017-06-15 19:29:06','','SM201706091020079431821','CD-JKEG000011');
INSERT INTO `tsys_menu` (`code`,`name`,`type`,`url`,`order_no`,`updater`,`update_datetime`,`remark`,`parent_code`,`system_code`) VALUES ('SM201706091042089644743','线下充值','1','/finance/lineRecharge.htm','1','admin','2017-06-15 19:29:06','','SM201706091015288617285','CD-JKEG000011');
INSERT INTO `tsys_menu` (`code`,`name`,`type`,`url`,`order_no`,`updater`,`update_datetime`,`remark`,`parent_code`,`system_code`) VALUES ('SM201706091047013326805','O2O管理','1','#','2','admin','2017-06-15 19:29:06','','SM201706071546192158330','CD-JKEG000011');
INSERT INTO `tsys_menu` (`code`,`name`,`type`,`url`,`order_no`,`updater`,`update_datetime`,`remark`,`parent_code`,`system_code`) VALUES ('SM201706091047286293003','商城管理','1','#','3','admin','2017-06-15 19:29:06','','SM201706071546192158330','CD-JKEG000011');
INSERT INTO `tsys_menu` (`code`,`name`,`type`,`url`,`order_no`,`updater`,`update_datetime`,`remark`,`parent_code`,`system_code`) VALUES ('SM201706091048271248776','我的店铺','1','/house/store_detail2.htm','1','admin','2017-06-15 19:29:06','','SM201706071550118604565','CD-JKEG000011');
INSERT INTO `tsys_menu` (`code`,`name`,`type`,`url`,`order_no`,`updater`,`update_datetime`,`remark`,`parent_code`,`system_code`) VALUES ('SM201706091048524084638','营收流水','1','/store/revenue.htm','1','admin','2017-06-15 19:29:06','','SM201706091047013326805','CD-JKEG000011');
INSERT INTO `tsys_menu` (`code`,`name`,`type`,`url`,`order_no`,`updater`,`update_datetime`,`remark`,`parent_code`,`system_code`) VALUES ('SM201706091050047413958','我的店铺','1','/store/store_detail2.htm','1','admin','2017-06-15 19:29:06','','SM201706071547155502225','CD-JKEG000011');
INSERT INTO `tsys_menu` (`code`,`name`,`type`,`url`,`order_no`,`updater`,`update_datetime`,`remark`,`parent_code`,`system_code`) VALUES ('SM201706091050343729989','商品管理','1','/product/product.htm','1','admin','2017-06-15 19:29:06','','SM201706091047286293003','CD-JKEG000011');
INSERT INTO `tsys_menu` (`code`,`name`,`type`,`url`,`order_no`,`updater`,`update_datetime`,`remark`,`parent_code`,`system_code`) VALUES ('SM201706091050552616454','订单处理','1','/product/order.htm','2','admin','2017-06-15 19:29:06','','SM201706091047286293003','CD-JKEG000011');
INSERT INTO `tsys_menu` (`code`,`name`,`type`,`url`,`order_no`,`updater`,`update_datetime`,`remark`,`parent_code`,`system_code`) VALUES ('SM201706091051306997730','结算管理','1','#','4','admin','2017-06-15 19:29:06','','SM201706071546192158330','CD-JKEG000011');
INSERT INTO `tsys_menu` (`code`,`name`,`type`,`url`,`order_no`,`updater`,`update_datetime`,`remark`,`parent_code`,`system_code`) VALUES ('SM201706091052044578422','我的账户','1','/store/account.htm','1','admin','2017-06-15 19:29:06','','SM201706091051306997730','CD-JKEG000011');
INSERT INTO `tsys_menu` (`code`,`name`,`type`,`url`,`order_no`,`updater`,`update_datetime`,`remark`,`parent_code`,`system_code`) VALUES ('SM201706091052306152727','审核','2','/che','1','admin','2017-06-15 19:29:06','','SM201706091024388862079','CD-JKEG000011');
INSERT INTO `tsys_menu` (`code`,`name`,`type`,`url`,`order_no`,`updater`,`update_datetime`,`remark`,`parent_code`,`system_code`) VALUES ('SM201706091052587746486','个人中心','1','#','5','admin','2017-06-15 19:29:06','','SM201706071546192158330','CD-JKEG000011');
INSERT INTO `tsys_menu` (`code`,`name`,`type`,`url`,`order_no`,`updater`,`update_datetime`,`remark`,`parent_code`,`system_code`) VALUES ('SM201706091053252879832','修改结算银行卡','1','/person/card.htm','1','admin','2017-06-15 19:29:06','','SM201706091052587746486','CD-JKEG000011');
INSERT INTO `tsys_menu` (`code`,`name`,`type`,`url`,`order_no`,`updater`,`update_datetime`,`remark`,`parent_code`,`system_code`) VALUES ('SM201706091053514543661','修改手机号','1','/person/telChange.htm','2','admin','2017-06-15 19:29:06','','SM201706091052587746486','CD-JKEG000011');
INSERT INTO `tsys_menu` (`code`,`name`,`type`,`url`,`order_no`,`updater`,`update_datetime`,`remark`,`parent_code`,`system_code`) VALUES ('SM201706091055517003814','充值查询','1','/finance/historyQuery.htm','3','admin','2017-06-15 19:29:06','','SM201706091015288617285','CD-JKEG000011');
INSERT INTO `tsys_menu` (`code`,`name`,`type`,`url`,`order_no`,`updater`,`update_datetime`,`remark`,`parent_code`,`system_code`) VALUES ('SM201706091057392778140','房间管理','1','#','2','admin','2017-06-15 19:29:06','','SM201706071548155461667','CD-JKEG000011');
INSERT INTO `tsys_menu` (`code`,`name`,`type`,`url`,`order_no`,`updater`,`update_datetime`,`remark`,`parent_code`,`system_code`) VALUES ('SM201706091058305533807','房间管理','1','/house/home.htm','1','admin','2017-06-15 19:29:06','','SM201706091057392778140','CD-JKEG000011');
INSERT INTO `tsys_menu` (`code`,`name`,`type`,`url`,`order_no`,`updater`,`update_datetime`,`remark`,`parent_code`,`system_code`) VALUES ('SM201706091059095071718','办理出入住','1','/house/home_order.htm','2','admin','2017-06-15 19:29:06','','SM201706091057392778140','CD-JKEG000011');
INSERT INTO `tsys_menu` (`code`,`name`,`type`,`url`,`order_no`,`updater`,`update_datetime`,`remark`,`parent_code`,`system_code`) VALUES ('SM201706091059453707268','结算管理','1','名宿','3','admin','2017-06-15 19:29:06','','SM201706071548155461667','CD-JKEG000011');
INSERT INTO `tsys_menu` (`code`,`name`,`type`,`url`,`order_no`,`updater`,`update_datetime`,`remark`,`parent_code`,`system_code`) VALUES ('SM201706091100104213078','我的账户','1','/house/account.htm','1','admin','2017-06-15 19:29:06','','SM201706091059453707268','CD-JKEG000011');
INSERT INTO `tsys_menu` (`code`,`name`,`type`,`url`,`order_no`,`updater`,`update_datetime`,`remark`,`parent_code`,`system_code`) VALUES ('SM201706091100571314354','审核','2','/examine','21','admin','2017-06-15 19:29:06','','SM201706091032374585633','CD-JKEG000011');
INSERT INTO `tsys_menu` (`code`,`name`,`type`,`url`,`order_no`,`updater`,`update_datetime`,`remark`,`parent_code`,`system_code`) VALUES ('SM201706091101400874439','个人中心','1','#','4','admin','2017-06-15 19:29:06','','SM201706071548155461667','CD-JKEG000011');
INSERT INTO `tsys_menu` (`code`,`name`,`type`,`url`,`order_no`,`updater`,`update_datetime`,`remark`,`parent_code`,`system_code`) VALUES ('SM201706091102065077598','修改结算银行卡','1','/person/card.htm','1','admin','2017-06-15 19:29:06','','SM201706091101400874439','CD-JKEG000011');
INSERT INTO `tsys_menu` (`code`,`name`,`type`,`url`,`order_no`,`updater`,`update_datetime`,`remark`,`parent_code`,`system_code`) VALUES ('SM201706091102282551916','修改手机号','1','/person/telChange.htm','2','admin','2017-06-15 19:29:06','','SM201706091101400874439','CD-JKEG000011');
INSERT INTO `tsys_menu` (`code`,`name`,`type`,`url`,`order_no`,`updater`,`update_datetime`,`remark`,`parent_code`,`system_code`) VALUES ('SM201706091124121714942','新增','2','/add','1','admin','2017-06-15 19:29:06','','SM201706091050343729989','CD-JKEG000011');
INSERT INTO `tsys_menu` (`code`,`name`,`type`,`url`,`order_no`,`updater`,`update_datetime`,`remark`,`parent_code`,`system_code`) VALUES ('SM20170609112503926631','修改','2','/edit','2','admin','2017-06-15 19:29:06','','SM201706091050343729989','CD-JKEG000011');
INSERT INTO `tsys_menu` (`code`,`name`,`type`,`url`,`order_no`,`updater`,`update_datetime`,`remark`,`parent_code`,`system_code`) VALUES ('SM201706091125496343362','删除','2','/delete','3','admin','2017-06-15 19:29:06','','SM201706091050343729989','CD-JKEG000011');
INSERT INTO `tsys_menu` (`code`,`name`,`type`,`url`,`order_no`,`updater`,`update_datetime`,`remark`,`parent_code`,`system_code`) VALUES ('SM201706091126395615750','详情','2','/detail2','4','admin','2017-06-15 19:29:06','','SM201706091050343729989','CD-JKEG000011');
INSERT INTO `tsys_menu` (`code`,`name`,`type`,`url`,`order_no`,`updater`,`update_datetime`,`remark`,`parent_code`,`system_code`) VALUES ('SM201706091127181103241','上架','2','/up2','5','admin','2017-06-15 19:29:06','','SM201706091050343729989','CD-JKEG000011');
INSERT INTO `tsys_menu` (`code`,`name`,`type`,`url`,`order_no`,`updater`,`update_datetime`,`remark`,`parent_code`,`system_code`) VALUES ('SM201706091127559029290','下架','2','/down','6','admin','2017-06-15 19:29:06','','SM201706091050343729989','CD-JKEG000011');
INSERT INTO `tsys_menu` (`code`,`name`,`type`,`url`,`order_no`,`updater`,`update_datetime`,`remark`,`parent_code`,`system_code`) VALUES ('SM201706091128532855232','产品参数','2','/productParam','7','admin','2017-06-15 19:29:06','','SM201706091050343729989','CD-JKEG000011');
INSERT INTO `tsys_menu` (`code`,`name`,`type`,`url`,`order_no`,`updater`,`update_datetime`,`remark`,`parent_code`,`system_code`) VALUES ('SM201706091130573448500','物流发货','2','/sendOutGoods','1','admin','2017-06-15 19:29:06','','SM201706091050552616454','CD-JKEG000011');
INSERT INTO `tsys_menu` (`code`,`name`,`type`,`url`,`order_no`,`updater`,`update_datetime`,`remark`,`parent_code`,`system_code`) VALUES ('SM201706091132081819064','取消订单','2','/cancelOrder','2','admin','2017-06-15 19:29:06','','SM201706091050552616454','CD-JKEG000011');
INSERT INTO `tsys_menu` (`code`,`name`,`type`,`url`,`order_no`,`updater`,`update_datetime`,`remark`,`parent_code`,`system_code`) VALUES ('SM201706091132387385759','确认收货','2','/confirmOrder','3','admin','2017-06-15 19:29:06','','SM201706091050552616454','CD-JKEG000011');
INSERT INTO `tsys_menu` (`code`,`name`,`type`,`url`,`order_no`,`updater`,`update_datetime`,`remark`,`parent_code`,`system_code`) VALUES ('SM201706091133146633194','详情','2','/detail','4','admin','2017-06-15 19:29:06','','SM201706091050552616454','CD-JKEG000011');
INSERT INTO `tsys_menu` (`code`,`name`,`type`,`url`,`order_no`,`updater`,`update_datetime`,`remark`,`parent_code`,`system_code`) VALUES ('SM201706091133460398672','导出','2','/export','5','admin','2017-06-15 19:29:06','','SM201706091050552616454','CD-JKEG000011');
INSERT INTO `tsys_menu` (`code`,`name`,`type`,`url`,`order_no`,`updater`,`update_datetime`,`remark`,`parent_code`,`system_code`) VALUES ('SM201706091425256308890','新增','2','/add','1','admin','2017-06-15 19:29:06','','SM201706070938254724260','CD-JKEG000011');
INSERT INTO `tsys_menu` (`code`,`name`,`type`,`url`,`order_no`,`updater`,`update_datetime`,`remark`,`parent_code`,`system_code`) VALUES ('SM201706091427172014183','修改','2','/edit','2','admin','2017-06-15 19:29:06','','SM201706070938459175390','CD-JKEG000011');
INSERT INTO `tsys_menu` (`code`,`name`,`type`,`url`,`order_no`,`updater`,`update_datetime`,`remark`,`parent_code`,`system_code`) VALUES ('SM201706091428392302386','上架','2','/up','3','admin','2017-06-15 19:29:06','','SM201706070938254724260','CD-JKEG000011');
INSERT INTO `tsys_menu` (`code`,`name`,`type`,`url`,`order_no`,`updater`,`update_datetime`,`remark`,`parent_code`,`system_code`) VALUES ('SM201706091429112238750','下架','2','/down','4','admin','2017-06-15 19:29:06','','SM201706070938254724260','CD-JKEG000011');
INSERT INTO `tsys_menu` (`code`,`name`,`type`,`url`,`order_no`,`updater`,`update_datetime`,`remark`,`parent_code`,`system_code`) VALUES ('SM201706091430201505905','修改','2','/edit','2','admin','2017-06-15 19:29:06','','SM201706070938254724260','CD-JKEG000011');
INSERT INTO `tsys_menu` (`code`,`name`,`type`,`url`,`order_no`,`updater`,`update_datetime`,`remark`,`parent_code`,`system_code`) VALUES ('SM20170609143059900785','新增','2','/add','1','admin','2017-06-15 19:29:06','','SM201706070938459175390','CD-JKEG000011');
INSERT INTO `tsys_menu` (`code`,`name`,`type`,`url`,`order_no`,`updater`,`update_datetime`,`remark`,`parent_code`,`system_code`) VALUES ('SM201706091431367695450','新增','2','/add','1','admin','2017-06-15 19:29:06','','SM201706070955439899232','CD-JKEG000011');
INSERT INTO `tsys_menu` (`code`,`name`,`type`,`url`,`order_no`,`updater`,`update_datetime`,`remark`,`parent_code`,`system_code`) VALUES ('SM201706091432202528029','详情','2','/detail2','4','admin','2017-06-15 19:29:06','','SM201706070938459175390','CD-JKEG000011');
INSERT INTO `tsys_menu` (`code`,`name`,`type`,`url`,`order_no`,`updater`,`update_datetime`,`remark`,`parent_code`,`system_code`) VALUES ('SM201706091432599691132','上架','2','/up2','5','admin','2017-06-15 19:29:06','','SM201706070938459175390','CD-JKEG000011');
INSERT INTO `tsys_menu` (`code`,`name`,`type`,`url`,`order_no`,`updater`,`update_datetime`,`remark`,`parent_code`,`system_code`) VALUES ('SM201706091433303714199','下架','2','/down','6','admin','2017-06-15 19:29:06','','SM201706070938459175390','CD-JKEG000011');
INSERT INTO `tsys_menu` (`code`,`name`,`type`,`url`,`order_no`,`updater`,`update_datetime`,`remark`,`parent_code`,`system_code`) VALUES ('SM201706091451390491674','新增','2','/add','1','admin','2017-06-15 19:29:06','','SM201706091029024979007','CD-JKEG000011');
INSERT INTO `tsys_menu` (`code`,`name`,`type`,`url`,`order_no`,`updater`,`update_datetime`,`remark`,`parent_code`,`system_code`) VALUES ('SM20170609145203659555','审核','2','/che','1','admin','2017-06-15 19:29:06','','SM201706091025220189944','CD-JKEG000011');
INSERT INTO `tsys_menu` (`code`,`name`,`type`,`url`,`order_no`,`updater`,`update_datetime`,`remark`,`parent_code`,`system_code`) VALUES ('SM201706091452542939551','删除','2','/multidelete','2','admin','2017-06-15 19:29:06','','SM201706091025220189944','CD-JKEG000011');
INSERT INTO `tsys_menu` (`code`,`name`,`type`,`url`,`order_no`,`updater`,`update_datetime`,`remark`,`parent_code`,`system_code`) VALUES ('SM201706091453298108773','修改','2','/edit','2','admin','2017-06-15 19:29:06','','SM201706091029024979007','CD-JKEG000011');
INSERT INTO `tsys_menu` (`code`,`name`,`type`,`url`,`order_no`,`updater`,`update_datetime`,`remark`,`parent_code`,`system_code`) VALUES ('SM201706091454224449870','营收流水','2','/revenue','7','admin','2017-06-15 19:29:06','','SM201706091029024979007','CD-JKEG000011');
INSERT INTO `tsys_menu` (`code`,`name`,`type`,`url`,`order_no`,`updater`,`update_datetime`,`remark`,`parent_code`,`system_code`) VALUES ('SM201706091455247605139','详情','2','/detail2','4','admin','2017-06-15 19:29:06','','SM201706091029024979007','CD-JKEG000011');
INSERT INTO `tsys_menu` (`code`,`name`,`type`,`url`,`order_no`,`updater`,`update_datetime`,`remark`,`parent_code`,`system_code`) VALUES ('SM201706091456082713233','上架','2','/up2','5','admin','2017-06-15 19:29:06','','SM201706091029024979007','CD-JKEG000011');
INSERT INTO `tsys_menu` (`code`,`name`,`type`,`url`,`order_no`,`updater`,`update_datetime`,`remark`,`parent_code`,`system_code`) VALUES ('SM201706091456366992790','下架','2','/down','6','admin','2017-06-15 19:29:06','','SM201706091029024979007','CD-JKEG000011');
INSERT INTO `tsys_menu` (`code`,`name`,`type`,`url`,`order_no`,`updater`,`update_datetime`,`remark`,`parent_code`,`system_code`) VALUES ('SM201706091608436292011','banner管理','1','/public/banner.htm','3','admin','2017-06-15 19:29:06','','SM201706070945485223732','CD-JKEG000011');
INSERT INTO `tsys_menu` (`code`,`name`,`type`,`url`,`order_no`,`updater`,`update_datetime`,`remark`,`parent_code`,`system_code`) VALUES ('SM201706091611022108693','新增','2','/add','1','admin','2017-06-15 19:29:06','','SM201706091608436292011','CD-JKEG000011');
INSERT INTO `tsys_menu` (`code`,`name`,`type`,`url`,`order_no`,`updater`,`update_datetime`,`remark`,`parent_code`,`system_code`) VALUES ('SM201706091611420496875','修改','2','/edit','2','admin','2017-06-15 19:29:06','','SM201706091608436292011','CD-JKEG000011');
INSERT INTO `tsys_menu` (`code`,`name`,`type`,`url`,`order_no`,`updater`,`update_datetime`,`remark`,`parent_code`,`system_code`) VALUES ('SM20170609161238605719','删除','2','/delete','3','admin','2017-06-15 19:29:06','','SM201706091608436292011','CD-JKEG000011');
INSERT INTO `tsys_menu` (`code`,`name`,`type`,`url`,`order_no`,`updater`,`update_datetime`,`remark`,`parent_code`,`system_code`) VALUES ('SM201706121852124609788','新增','2','/add','1','admin','2017-06-15 19:29:06','','SM201706091020079431821','CD-JKEG000011');
INSERT INTO `tsys_menu` (`code`,`name`,`type`,`url`,`order_no`,`updater`,`update_datetime`,`remark`,`parent_code`,`system_code`) VALUES ('SM201706121853392164340','修改','2','/edit','2','admin','2017-06-15 19:29:06','','SM201706091020079431821','CD-JKEG000011');
INSERT INTO `tsys_menu` (`code`,`name`,`type`,`url`,`order_no`,`updater`,`update_datetime`,`remark`,`parent_code`,`system_code`) VALUES ('SM20170612185426665901','详情','2','/detail2','3','admin','2017-06-15 19:29:06','','SM201706091020079431821','CD-JKEG000011');
INSERT INTO `tsys_menu` (`code`,`name`,`type`,`url`,`order_no`,`updater`,`update_datetime`,`remark`,`parent_code`,`system_code`) VALUES ('SM201706121855334722243','上架','2','/up2','4','admin','2017-06-15 19:29:06','','SM201706091020079431821','CD-JKEG000011');
INSERT INTO `tsys_menu` (`code`,`name`,`type`,`url`,`order_no`,`updater`,`update_datetime`,`remark`,`parent_code`,`system_code`) VALUES ('SM201706121856087005598','下架','2','/down','5','admin','2017-06-15 19:29:06','','SM201706091020079431821','CD-JKEG000011');
INSERT INTO `tsys_menu` (`code`,`name`,`type`,`url`,`order_no`,`updater`,`update_datetime`,`remark`,`parent_code`,`system_code`) VALUES ('SM201706131108060657317','增加','2','/add','1','admin','2017-06-15 19:29:06','','SM201706091058305533807','CD-JKEG000011');
INSERT INTO `tsys_menu` (`code`,`name`,`type`,`url`,`order_no`,`updater`,`update_datetime`,`remark`,`parent_code`,`system_code`) VALUES ('SM201706131109151976145','详情','2','/detail','2','admin','2017-06-15 19:29:06','','SM201706091058305533807','CD-JKEG000011');
INSERT INTO `tsys_menu` (`code`,`name`,`type`,`url`,`order_no`,`updater`,`update_datetime`,`remark`,`parent_code`,`system_code`) VALUES ('SM201706131110321009742','上架','2','/up2','3','admin','2017-06-15 19:29:06','','SM201706091058305533807','CD-JKEG000011');
INSERT INTO `tsys_menu` (`code`,`name`,`type`,`url`,`order_no`,`updater`,`update_datetime`,`remark`,`parent_code`,`system_code`) VALUES ('SM201706131111277555796','下架','2','/down','4','admin','2017-06-15 19:29:06','','SM201706091058305533807','CD-JKEG000011');
INSERT INTO `tsys_menu` (`code`,`name`,`type`,`url`,`order_no`,`updater`,`update_datetime`,`remark`,`parent_code`,`system_code`) VALUES ('SM201706131532460333207','修改','2','/edit','12','admin','2017-06-15 19:29:06','','SM201706091058305533807','CD-JKEG000011');
INSERT INTO `tsys_menu` (`code`,`name`,`type`,`url`,`order_no`,`updater`,`update_datetime`,`remark`,`parent_code`,`system_code`) VALUES ('SM201706131534057758194','删除','2','/delete','13','admin','2017-06-15 19:29:06','','SM201706091058305533807','CD-JKEG000011');
INSERT INTO `tsys_menu` (`code`,`name`,`type`,`url`,`order_no`,`updater`,`update_datetime`,`remark`,`parent_code`,`system_code`) VALUES ('SM201706141540147863680','详情','2','/deta','1','admin','2017-06-15 19:29:06','','SM201706091059095071718','CD-JKEG000011');
INSERT INTO `tsys_menu` (`code`,`name`,`type`,`url`,`order_no`,`updater`,`update_datetime`,`remark`,`parent_code`,`system_code`) VALUES ('SM201706141540426138343','办理入住','2','/into','2','admin','2017-06-15 19:29:06','','SM201706091059095071718','CD-JKEG000011');
INSERT INTO `tsys_menu` (`code`,`name`,`type`,`url`,`order_no`,`updater`,`update_datetime`,`remark`,`parent_code`,`system_code`) VALUES ('SM201706141848221251743','订单查询','1','/house/houseOrder.htm','3','admin','2017-06-15 19:29:06','','SM201706091057392778140','CD-JKEG000011');
INSERT INTO `tsys_menu` (`code`,`name`,`type`,`url`,`order_no`,`updater`,`update_datetime`,`remark`,`parent_code`,`system_code`) VALUES ('SM201706142020442352432','新增','2','/add','1','admin','2017-06-15 19:29:06','','SM201706091035211453387','CD-JKEG000011');
INSERT INTO `tsys_menu` (`code`,`name`,`type`,`url`,`order_no`,`updater`,`update_datetime`,`remark`,`parent_code`,`system_code`) VALUES ('SM201706142025385647618','修改','2','/edit2','4','admin','2017-06-15 19:29:06','','SM201706091035211453387','CD-JKEG000011');
INSERT INTO `tsys_menu` (`code`,`name`,`type`,`url`,`order_no`,`updater`,`update_datetime`,`remark`,`parent_code`,`system_code`) VALUES ('SM201706142026195456744','发布/撤下','2','/push','2','admin','2017-06-15 19:29:06','','SM201706091035211453387','CD-JKEG000011');
INSERT INTO `tsys_menu` (`code`,`name`,`type`,`url`,`order_no`,`updater`,`update_datetime`,`remark`,`parent_code`,`system_code`) VALUES ('SM201706142043590794070','取现查询','1','/finance/lineUnderStory.htm','4','admin','2017-06-15 19:29:06','','SM201706091015288617285','CD-JKEG000011');
INSERT INTO `tsys_menu` (`code`,`name`,`type`,`url`,`order_no`,`updater`,`update_datetime`,`remark`,`parent_code`,`system_code`) VALUES ('SM201706142044348477377','取现规则','1','/finance/enchashmentRule.htm','5','admin','2017-06-15 19:29:06','','SM201706091015288617285','CD-JKEG000011');
INSERT INTO `tsys_menu` (`code`,`name`,`type`,`url`,`order_no`,`updater`,`update_datetime`,`remark`,`parent_code`,`system_code`) VALUES ('SM201706142107115521269','详情','2','/detail','3','admin','2017-06-15 19:29:06','','SM201706091042089644743','CD-JKEG000011');
INSERT INTO `tsys_menu` (`code`,`name`,`type`,`url`,`order_no`,`updater`,`update_datetime`,`remark`,`parent_code`,`system_code`) VALUES ('SM201706142107358434081','导出','2','/export','4','admin','2017-06-15 19:29:06','','SM201706091042089644743','CD-JKEG000011');
INSERT INTO `tsys_menu` (`code`,`name`,`type`,`url`,`order_no`,`updater`,`update_datetime`,`remark`,`parent_code`,`system_code`) VALUES ('SM201706142110488149984','待申请','2','/add','1','admin','2017-06-15 19:29:06','','SM201706091032374585633','CD-JKEG000011');
INSERT INTO `tsys_menu` (`code`,`name`,`type`,`url`,`order_no`,`updater`,`update_datetime`,`remark`,`parent_code`,`system_code`) VALUES ('SM20170614211136780245','回录','2','/huilu','3','admin','2017-06-15 19:29:06','','SM201706091032374585633','CD-JKEG000011');
INSERT INTO `tsys_menu` (`code`,`name`,`type`,`url`,`order_no`,`updater`,`update_datetime`,`remark`,`parent_code`,`system_code`) VALUES ('SM201706142112142991269','详情','2','/detail','4','admin','2017-06-15 19:29:06','','SM201706091032374585633','CD-JKEG000011');
INSERT INTO `tsys_menu` (`code`,`name`,`type`,`url`,`order_no`,`updater`,`update_datetime`,`remark`,`parent_code`,`system_code`) VALUES ('SM201706142112576797878','导出','2','/export','6','admin','2017-06-15 19:29:06','','SM201706091032374585633','CD-JKEG000011');
INSERT INTO `tsys_menu` (`code`,`name`,`type`,`url`,`order_no`,`updater`,`update_datetime`,`remark`,`parent_code`,`system_code`) VALUES ('SM201706142114161457340','详情','2','/detail','1','admin','2017-06-15 19:29:06','','SM201706091055517003814','CD-JKEG000011');
INSERT INTO `tsys_menu` (`code`,`name`,`type`,`url`,`order_no`,`updater`,`update_datetime`,`remark`,`parent_code`,`system_code`) VALUES ('SM201706142115009362167','导出','1','/export','2','admin','2017-06-15 19:29:06','','SM201706091055517003814','CD-JKEG000011');
INSERT INTO `tsys_menu` (`code`,`name`,`type`,`url`,`order_no`,`updater`,`update_datetime`,`remark`,`parent_code`,`system_code`) VALUES ('SM201706142115484171486','详情','2','/detail','1','admin','2017-06-15 19:29:06','','SM201706142043590794070','CD-JKEG000011');
INSERT INTO `tsys_menu` (`code`,`name`,`type`,`url`,`order_no`,`updater`,`update_datetime`,`remark`,`parent_code`,`system_code`) VALUES ('SM201706142116155005756','导出','2','/export','2','admin','2017-06-15 19:29:06','','SM201706142043590794070','CD-JKEG000011');
INSERT INTO `tsys_menu` (`code`,`name`,`type`,`url`,`order_no`,`updater`,`update_datetime`,`remark`,`parent_code`,`system_code`) VALUES ('SM201706142117044077455','修改','2','/edit','1','admin','2017-06-15 19:29:06','','SM201706142044348477377','CD-JKEG000011');
INSERT INTO `tsys_menu` (`code`,`name`,`type`,`url`,`order_no`,`updater`,`update_datetime`,`remark`,`parent_code`,`system_code`) VALUES ('SM201706151117138035040','热门/取消','2','/hot','2','admin','2017-06-15 19:29:06','','SM201706091024388862079','CD-JKEG000011');
INSERT INTO `tsys_menu` (`code`,`name`,`type`,`url`,`order_no`,`updater`,`update_datetime`,`remark`,`parent_code`,`system_code`) VALUES ('SM201706151119054542970','删除','2','/multidelete','4','admin','2017-06-15 19:29:06','','SM201706091024388862079','CD-JKEG000011');
INSERT INTO `tsys_menu` (`code`,`name`,`type`,`url`,`order_no`,`updater`,`update_datetime`,`remark`,`parent_code`,`system_code`) VALUES ('SM201706151452190997054','新增','2','/add','1','admin','2017-06-15 19:29:06','','SM201706091034563354569','CD-JKEG000011');
INSERT INTO `tsys_menu` (`code`,`name`,`type`,`url`,`order_no`,`updater`,`update_datetime`,`remark`,`parent_code`,`system_code`) VALUES ('SM201706151452490202776','删除','2','/delete','2','admin','2017-06-15 19:29:06','','SM201706091034563354569','CD-JKEG000011');
INSERT INTO `tsys_menu` (`code`,`name`,`type`,`url`,`order_no`,`updater`,`update_datetime`,`remark`,`parent_code`,`system_code`) VALUES ('SM201706151453147475381','修改','2','/edit','3','admin','2017-06-15 19:29:06','','SM201706091034563354569','CD-JKEG000011');
INSERT INTO `tsys_menu` (`code`,`name`,`type`,`url`,`order_no`,`updater`,`update_datetime`,`remark`,`parent_code`,`system_code`) VALUES ('SM201706151617395638713','新增','2','/add','1','admin','2017-06-15 19:29:06','','SM20170609103433608735','CD-JKEG000011');
INSERT INTO `tsys_menu` (`code`,`name`,`type`,`url`,`order_no`,`updater`,`update_datetime`,`remark`,`parent_code`,`system_code`) VALUES ('SM201706151618048023263','删除','2','/delete','2','admin','2017-06-15 19:29:06','','SM20170609103433608735','CD-JKEG000011');
INSERT INTO `tsys_menu` (`code`,`name`,`type`,`url`,`order_no`,`updater`,`update_datetime`,`remark`,`parent_code`,`system_code`) VALUES ('SM201706151618236928022','修改','2','/edit','3','admin','2017-06-15 19:29:06','','SM20170609103433608735','CD-JKEG000011');
INSERT INTO `tsys_menu` (`code`,`name`,`type`,`url`,`order_no`,`updater`,`update_datetime`,`remark`,`parent_code`,`system_code`) VALUES ('SM20170615161846779770','发布','2','/up','4','admin','2017-06-15 19:29:06','','SM20170609103433608735','CD-JKEG000011');
INSERT INTO `tsys_menu` (`code`,`name`,`type`,`url`,`order_no`,`updater`,`update_datetime`,`remark`,`parent_code`,`system_code`) VALUES ('SM201706151619266886457','下架','2','/down','5','admin','2017-06-15 19:29:06','','SM20170609103433608735','CD-JKEG000011');


/*
-- Query: select `code`, `name`, `level`, `updater`, `update_datetime`, `remark`, `system_code` from tsys_role
LIMIT 0, 10000

-- Date: 2017-03-05 22:53
*/
INSERT INTO `tsys_role` (`code`,`name`,`level`,`updater`,`update_datetime`,`remark`,`system_code`) VALUES ('SRSuperAdmin','超级管理员','1','admin',now(),NULL,'CD-JKEG000011');
INSERT INTO `tsys_role` (`code`,`name`,`level`,`updater`,`update_datetime`,`remark`,`system_code`) VALUES ('SRSysAdmin','系统管理员','1','admin',now(),'','CD-JKEG000011');
INSERT INTO `tsys_role` (`code`,`name`,`level`,`updater`,`update_datetime`,`remark`,`system_code`) VALUES ('JKEGSRShangHu','商户','1','admin',now(),NULL,'CD-JKEG000011');
INSERT INTO `tsys_role` (`code`,`name`,`level`,`updater`,`update_datetime`,`remark`,`system_code`) VALUES ('JKEGSRYunYingShang','运营商','1','admin',now(),NULL,'CD-JKEG000011');
INSERT INTO `tsys_role` (`code`,`name`,`level`,`updater`,`update_datetime`,`remark`,`system_code`) VALUES ('JKEGSRZhiHuiMingSu','智慧名宿','1','admin',now(),NULL,'CD-JKEG000011');

/*
-- Query: SELECT `role_code`,`menu_code`,`updater`,now() as `update_datetime`,`remark`,`system_code` FROM tsys_menu_role where role_code in('SRSuperAdmin','SRSysAdmin','JKEGSRShangHu','JKEGSRYunYingShang','JKEGSRZhiHuiMingSu')
-- Date: 2017-06-15 19:53
*/
/*
-- Query: SELECT `role_code`,`menu_code`,`updater`,now() as `update_datetime`,`remark`,`system_code` FROM tsys_menu_role where role_code in('SRSysAdmin')
-- Date: 2017-06-15 21:20
*/
INSERT INTO `tsys_menu_role` (`role_code`,`menu_code`,`updater`,`update_datetime`,`remark`,`system_code`) VALUES ('SRSysAdmin','JKEGSM201600000000000000','jkeg','2017-06-15 21:20:10',NULL,'CD-JKEG000011');
INSERT INTO `tsys_menu_role` (`role_code`,`menu_code`,`updater`,`update_datetime`,`remark`,`system_code`) VALUES ('SRSysAdmin','JKEGSM201600001000000001','jkeg','2017-06-15 21:20:10',NULL,'CD-JKEG000011');
INSERT INTO `tsys_menu_role` (`role_code`,`menu_code`,`updater`,`update_datetime`,`remark`,`system_code`) VALUES ('SRSysAdmin','JKEGSM201600001000000002','jkeg','2017-06-15 21:20:10',NULL,'CD-JKEG000011');
INSERT INTO `tsys_menu_role` (`role_code`,`menu_code`,`updater`,`update_datetime`,`remark`,`system_code`) VALUES ('SRSysAdmin','JKEGSM201600001000000003','jkeg','2017-06-15 21:20:10',NULL,'CD-JKEG000011');
INSERT INTO `tsys_menu_role` (`role_code`,`menu_code`,`updater`,`update_datetime`,`remark`,`system_code`) VALUES ('SRSysAdmin','JKEGSM201600001000000004','jkeg','2017-06-15 21:20:10',NULL,'CD-JKEG000011');
INSERT INTO `tsys_menu_role` (`role_code`,`menu_code`,`updater`,`update_datetime`,`remark`,`system_code`) VALUES ('SRSysAdmin','JKEGSM2017032911200961325','jkeg','2017-06-15 21:20:10',NULL,'CD-JKEG000011');
INSERT INTO `tsys_menu_role` (`role_code`,`menu_code`,`updater`,`update_datetime`,`remark`,`system_code`) VALUES ('SRSysAdmin','JKEGSM2016101716290657836','jkeg','2017-06-15 21:20:10',NULL,'CD-JKEG000011');
INSERT INTO `tsys_menu_role` (`role_code`,`menu_code`,`updater`,`update_datetime`,`remark`,`system_code`) VALUES ('SRSysAdmin','JKEGSM2016101719140087629','jkeg','2017-06-15 21:20:10',NULL,'CD-JKEG000011');
INSERT INTO `tsys_menu_role` (`role_code`,`menu_code`,`updater`,`update_datetime`,`remark`,`system_code`) VALUES ('SRSysAdmin','JKEGSM2016101716295904680','jkeg','2017-06-15 21:20:10',NULL,'CD-JKEG000011');
INSERT INTO `tsys_menu_role` (`role_code`,`menu_code`,`updater`,`update_datetime`,`remark`,`system_code`) VALUES ('SRSysAdmin','JKEGSM2016101719143965297','jkeg','2017-06-15 21:20:10',NULL,'CD-JKEG000011');
INSERT INTO `tsys_menu_role` (`role_code`,`menu_code`,`updater`,`update_datetime`,`remark`,`system_code`) VALUES ('SRSysAdmin','JKEGSM2016101716241339082','jkeg','2017-06-15 21:20:10',NULL,'CD-JKEG000011');
INSERT INTO `tsys_menu_role` (`role_code`,`menu_code`,`updater`,`update_datetime`,`remark`,`system_code`) VALUES ('SRSysAdmin','JKEGSM2016101716253866426','jkeg','2017-06-15 21:20:10',NULL,'CD-JKEG000011');
INSERT INTO `tsys_menu_role` (`role_code`,`menu_code`,`updater`,`update_datetime`,`remark`,`system_code`) VALUES ('SRSysAdmin','JKEGSM2016101716450533995','jkeg','2017-06-15 21:20:10',NULL,'CD-JKEG000011');
INSERT INTO `tsys_menu_role` (`role_code`,`menu_code`,`updater`,`update_datetime`,`remark`,`system_code`) VALUES ('SRSysAdmin','JKEGSM2016101717551955993','jkeg','2017-06-15 21:20:10',NULL,'CD-JKEG000011');
INSERT INTO `tsys_menu_role` (`role_code`,`menu_code`,`updater`,`update_datetime`,`remark`,`system_code`) VALUES ('SRSysAdmin','JKEGSM2016101717560118734','jkeg','2017-06-15 21:20:10',NULL,'CD-JKEG000011');
INSERT INTO `tsys_menu_role` (`role_code`,`menu_code`,`updater`,`update_datetime`,`remark`,`system_code`) VALUES ('SRSysAdmin','JKEGSM2016101717563661357','jkeg','2017-06-15 21:20:10',NULL,'CD-JKEG000011');
INSERT INTO `tsys_menu_role` (`role_code`,`menu_code`,`updater`,`update_datetime`,`remark`,`system_code`) VALUES ('SRSysAdmin','JKEGSM2016101716261754674','jkeg','2017-06-15 21:20:10',NULL,'CD-JKEG000011');
INSERT INTO `tsys_menu_role` (`role_code`,`menu_code`,`updater`,`update_datetime`,`remark`,`system_code`) VALUES ('SRSysAdmin','JKEGSM2016101719082391126','jkeg','2017-06-15 21:20:10',NULL,'CD-JKEG000011');
INSERT INTO `tsys_menu_role` (`role_code`,`menu_code`,`updater`,`update_datetime`,`remark`,`system_code`) VALUES ('SRSysAdmin','JKEGSM2016101719094151894','jkeg','2017-06-15 21:20:10',NULL,'CD-JKEG000011');
INSERT INTO `tsys_menu_role` (`role_code`,`menu_code`,`updater`,`update_datetime`,`remark`,`system_code`) VALUES ('SRSysAdmin','JKEGSM2016101719100760088','jkeg','2017-06-15 21:20:10',NULL,'CD-JKEG000011');
INSERT INTO `tsys_menu_role` (`role_code`,`menu_code`,`updater`,`update_datetime`,`remark`,`system_code`) VALUES ('SRSysAdmin','JKEGSM2016101719110981215','jkeg','2017-06-15 21:20:10',NULL,'CD-JKEG000011');
INSERT INTO `tsys_menu_role` (`role_code`,`menu_code`,`updater`,`update_datetime`,`remark`,`system_code`) VALUES ('SRSysAdmin','JKEGSM2016120610552303416','jkeg','2017-06-15 21:20:10',NULL,'CD-JKEG000011');
INSERT INTO `tsys_menu_role` (`role_code`,`menu_code`,`updater`,`update_datetime`,`remark`,`system_code`) VALUES ('JKEGSRShangHu','JKEGSM201600000000000000','admin','2017-06-15 19:53:12',NULL,'CD-JKEG000011');
INSERT INTO `tsys_menu_role` (`role_code`,`menu_code`,`updater`,`update_datetime`,`remark`,`system_code`) VALUES ('JKEGSRShangHu','SM201706071546192158330','admin','2017-06-15 19:53:12',NULL,'CD-JKEG000011');
INSERT INTO `tsys_menu_role` (`role_code`,`menu_code`,`updater`,`update_datetime`,`remark`,`system_code`) VALUES ('JKEGSRShangHu','SM201706071547155502225','admin','2017-06-15 19:53:12',NULL,'CD-JKEG000011');
INSERT INTO `tsys_menu_role` (`role_code`,`menu_code`,`updater`,`update_datetime`,`remark`,`system_code`) VALUES ('JKEGSRShangHu','SM201706091050047413958','admin','2017-06-15 19:53:12',NULL,'CD-JKEG000011');
INSERT INTO `tsys_menu_role` (`role_code`,`menu_code`,`updater`,`update_datetime`,`remark`,`system_code`) VALUES ('JKEGSRShangHu','SM201706091047013326805','admin','2017-06-15 19:53:12',NULL,'CD-JKEG000011');
INSERT INTO `tsys_menu_role` (`role_code`,`menu_code`,`updater`,`update_datetime`,`remark`,`system_code`) VALUES ('JKEGSRShangHu','SM201706091048524084638','admin','2017-06-15 19:53:12',NULL,'CD-JKEG000011');
INSERT INTO `tsys_menu_role` (`role_code`,`menu_code`,`updater`,`update_datetime`,`remark`,`system_code`) VALUES ('JKEGSRShangHu','SM201706091047286293003','admin','2017-06-15 19:53:12',NULL,'CD-JKEG000011');
INSERT INTO `tsys_menu_role` (`role_code`,`menu_code`,`updater`,`update_datetime`,`remark`,`system_code`) VALUES ('JKEGSRShangHu','SM201706091050343729989','admin','2017-06-15 19:53:12',NULL,'CD-JKEG000011');
INSERT INTO `tsys_menu_role` (`role_code`,`menu_code`,`updater`,`update_datetime`,`remark`,`system_code`) VALUES ('JKEGSRShangHu','SM201706091124121714942','admin','2017-06-15 19:53:12',NULL,'CD-JKEG000011');
INSERT INTO `tsys_menu_role` (`role_code`,`menu_code`,`updater`,`update_datetime`,`remark`,`system_code`) VALUES ('JKEGSRShangHu','SM20170609112503926631','admin','2017-06-15 19:53:12',NULL,'CD-JKEG000011');
INSERT INTO `tsys_menu_role` (`role_code`,`menu_code`,`updater`,`update_datetime`,`remark`,`system_code`) VALUES ('JKEGSRShangHu','SM201706091125496343362','admin','2017-06-15 19:53:12',NULL,'CD-JKEG000011');
INSERT INTO `tsys_menu_role` (`role_code`,`menu_code`,`updater`,`update_datetime`,`remark`,`system_code`) VALUES ('JKEGSRShangHu','SM201706091126395615750','admin','2017-06-15 19:53:12',NULL,'CD-JKEG000011');
INSERT INTO `tsys_menu_role` (`role_code`,`menu_code`,`updater`,`update_datetime`,`remark`,`system_code`) VALUES ('JKEGSRShangHu','SM201706091127181103241','admin','2017-06-15 19:53:12',NULL,'CD-JKEG000011');
INSERT INTO `tsys_menu_role` (`role_code`,`menu_code`,`updater`,`update_datetime`,`remark`,`system_code`) VALUES ('JKEGSRShangHu','SM201706091127559029290','admin','2017-06-15 19:53:12',NULL,'CD-JKEG000011');
INSERT INTO `tsys_menu_role` (`role_code`,`menu_code`,`updater`,`update_datetime`,`remark`,`system_code`) VALUES ('JKEGSRShangHu','SM201706091128532855232','admin','2017-06-15 19:53:12',NULL,'CD-JKEG000011');
INSERT INTO `tsys_menu_role` (`role_code`,`menu_code`,`updater`,`update_datetime`,`remark`,`system_code`) VALUES ('JKEGSRShangHu','SM201706091050552616454','admin','2017-06-15 19:53:12',NULL,'CD-JKEG000011');
INSERT INTO `tsys_menu_role` (`role_code`,`menu_code`,`updater`,`update_datetime`,`remark`,`system_code`) VALUES ('JKEGSRShangHu','SM201706091130573448500','admin','2017-06-15 19:53:12',NULL,'CD-JKEG000011');
INSERT INTO `tsys_menu_role` (`role_code`,`menu_code`,`updater`,`update_datetime`,`remark`,`system_code`) VALUES ('JKEGSRShangHu','SM201706091132081819064','admin','2017-06-15 19:53:12',NULL,'CD-JKEG000011');
INSERT INTO `tsys_menu_role` (`role_code`,`menu_code`,`updater`,`update_datetime`,`remark`,`system_code`) VALUES ('JKEGSRShangHu','SM201706091132387385759','admin','2017-06-15 19:53:12',NULL,'CD-JKEG000011');
INSERT INTO `tsys_menu_role` (`role_code`,`menu_code`,`updater`,`update_datetime`,`remark`,`system_code`) VALUES ('JKEGSRShangHu','SM201706091133146633194','admin','2017-06-15 19:53:12',NULL,'CD-JKEG000011');
INSERT INTO `tsys_menu_role` (`role_code`,`menu_code`,`updater`,`update_datetime`,`remark`,`system_code`) VALUES ('JKEGSRShangHu','SM201706091133460398672','admin','2017-06-15 19:53:12',NULL,'CD-JKEG000011');
INSERT INTO `tsys_menu_role` (`role_code`,`menu_code`,`updater`,`update_datetime`,`remark`,`system_code`) VALUES ('JKEGSRShangHu','SM201706091051306997730','admin','2017-06-15 19:53:12',NULL,'CD-JKEG000011');
INSERT INTO `tsys_menu_role` (`role_code`,`menu_code`,`updater`,`update_datetime`,`remark`,`system_code`) VALUES ('JKEGSRShangHu','SM201706091052044578422','admin','2017-06-15 19:53:12',NULL,'CD-JKEG000011');
INSERT INTO `tsys_menu_role` (`role_code`,`menu_code`,`updater`,`update_datetime`,`remark`,`system_code`) VALUES ('JKEGSRShangHu','SM201706091052306152727','admin','2017-06-15 19:53:12',NULL,'CD-JKEG000011');
INSERT INTO `tsys_menu_role` (`role_code`,`menu_code`,`updater`,`update_datetime`,`remark`,`system_code`) VALUES ('JKEGSRShangHu','SM201706091052587746486','admin','2017-06-15 19:53:12',NULL,'CD-JKEG000011');
INSERT INTO `tsys_menu_role` (`role_code`,`menu_code`,`updater`,`update_datetime`,`remark`,`system_code`) VALUES ('JKEGSRShangHu','SM201706091053252879832','admin','2017-06-15 19:53:12',NULL,'CD-JKEG000011');
INSERT INTO `tsys_menu_role` (`role_code`,`menu_code`,`updater`,`update_datetime`,`remark`,`system_code`) VALUES ('JKEGSRShangHu','SM201706091053514543661','admin','2017-06-15 19:53:12',NULL,'CD-JKEG000011');
INSERT INTO `tsys_menu_role` (`role_code`,`menu_code`,`updater`,`update_datetime`,`remark`,`system_code`) VALUES ('JKEGSRShangHu','SM201706091054174351969','admin','2017-06-15 19:53:12',NULL,'CD-JKEG000011');
INSERT INTO `tsys_menu_role` (`role_code`,`menu_code`,`updater`,`update_datetime`,`remark`,`system_code`) VALUES ('JKEGSRShangHu','SM201706091054396636926','admin','2017-06-15 19:53:12',NULL,'CD-JKEG000011');
INSERT INTO `tsys_menu_role` (`role_code`,`menu_code`,`updater`,`update_datetime`,`remark`,`system_code`) VALUES ('JKEGSRShangHu','SM201706091055192359619','admin','2017-06-15 19:53:12',NULL,'CD-JKEG000011');
INSERT INTO `tsys_menu_role` (`role_code`,`menu_code`,`updater`,`update_datetime`,`remark`,`system_code`) VALUES ('JKEGSRShangHu','SM201706091055517003814','admin','2017-06-15 19:53:12',NULL,'CD-JKEG000011');
INSERT INTO `tsys_menu_role` (`role_code`,`menu_code`,`updater`,`update_datetime`,`remark`,`system_code`) VALUES ('JKEGSRYunYingShang','JKEGSM201600000000000000','admin','2017-06-15 19:53:12',NULL,'CD-JKEG000011');
INSERT INTO `tsys_menu_role` (`role_code`,`menu_code`,`updater`,`update_datetime`,`remark`,`system_code`) VALUES ('JKEGSRYunYingShang','SM201706091039214869632','admin','2017-06-15 19:53:12',NULL,'CD-JKEG000011');
INSERT INTO `tsys_menu_role` (`role_code`,`menu_code`,`updater`,`update_datetime`,`remark`,`system_code`) VALUES ('JKEGSRYunYingShang','SM201706071551047009537','admin','2017-06-15 19:53:12',NULL,'CD-JKEG000011');
INSERT INTO `tsys_menu_role` (`role_code`,`menu_code`,`updater`,`update_datetime`,`remark`,`system_code`) VALUES ('JKEGSRYunYingShang','SM201706071553486657612','admin','2017-06-15 19:53:12',NULL,'CD-JKEG000011');
INSERT INTO `tsys_menu_role` (`role_code`,`menu_code`,`updater`,`update_datetime`,`remark`,`system_code`) VALUES ('JKEGSRYunYingShang','SM201706091020079431821','admin','2017-06-15 19:53:12',NULL,'CD-JKEG000011');
INSERT INTO `tsys_menu_role` (`role_code`,`menu_code`,`updater`,`update_datetime`,`remark`,`system_code`) VALUES ('JKEGSRYunYingShang','SM201706091041019881742','admin','2017-06-15 19:53:12',NULL,'CD-JKEG000011');
INSERT INTO `tsys_menu_role` (`role_code`,`menu_code`,`updater`,`update_datetime`,`remark`,`system_code`) VALUES ('JKEGSRYunYingShang','SM201706091052306152727','admin','2017-06-15 19:53:12',NULL,'CD-JKEG000011');
INSERT INTO `tsys_menu_role` (`role_code`,`menu_code`,`updater`,`update_datetime`,`remark`,`system_code`) VALUES ('JKEGSRYunYingShang','SM201706091100571314354','admin','2017-06-15 19:53:12',NULL,'CD-JKEG000011');
INSERT INTO `tsys_menu_role` (`role_code`,`menu_code`,`updater`,`update_datetime`,`remark`,`system_code`) VALUES ('JKEGSRYunYingShang','SM201706121852124609788','admin','2017-06-15 19:53:12',NULL,'CD-JKEG000011');
INSERT INTO `tsys_menu_role` (`role_code`,`menu_code`,`updater`,`update_datetime`,`remark`,`system_code`) VALUES ('JKEGSRYunYingShang','SM201706121853392164340','admin','2017-06-15 19:53:12',NULL,'CD-JKEG000011');
INSERT INTO `tsys_menu_role` (`role_code`,`menu_code`,`updater`,`update_datetime`,`remark`,`system_code`) VALUES ('JKEGSRYunYingShang','SM20170612185426665901','admin','2017-06-15 19:53:12',NULL,'CD-JKEG000011');
INSERT INTO `tsys_menu_role` (`role_code`,`menu_code`,`updater`,`update_datetime`,`remark`,`system_code`) VALUES ('JKEGSRYunYingShang','SM201706121855334722243','admin','2017-06-15 19:53:12',NULL,'CD-JKEG000011');
INSERT INTO `tsys_menu_role` (`role_code`,`menu_code`,`updater`,`update_datetime`,`remark`,`system_code`) VALUES ('JKEGSRYunYingShang','SM201706121856087005598','admin','2017-06-15 19:53:12',NULL,'CD-JKEG000011');
INSERT INTO `tsys_menu_role` (`role_code`,`menu_code`,`updater`,`update_datetime`,`remark`,`system_code`) VALUES ('JKEGSRYunYingShang','SM201706091038290707008','admin','2017-06-15 19:53:12',NULL,'CD-JKEG000011');
INSERT INTO `tsys_menu_role` (`role_code`,`menu_code`,`updater`,`update_datetime`,`remark`,`system_code`) VALUES ('JKEGSRYunYingShang','SM201706091038563456446','admin','2017-06-15 19:53:12',NULL,'CD-JKEG000011');
INSERT INTO `tsys_menu_role` (`role_code`,`menu_code`,`updater`,`update_datetime`,`remark`,`system_code`) VALUES ('JKEGSRYunYingShang','SM201706091039520695866','admin','2017-06-15 19:53:12',NULL,'CD-JKEG000011');
INSERT INTO `tsys_menu_role` (`role_code`,`menu_code`,`updater`,`update_datetime`,`remark`,`system_code`) VALUES ('JKEGSRYunYingShang','SM201706091040174351025','admin','2017-06-15 19:53:12',NULL,'CD-JKEG000011');
INSERT INTO `tsys_menu_role` (`role_code`,`menu_code`,`updater`,`update_datetime`,`remark`,`system_code`) VALUES ('JKEGSRYunYingShang','SM201706091040388686583','admin','2017-06-15 19:53:12',NULL,'CD-JKEG000011');
INSERT INTO `tsys_menu_role` (`role_code`,`menu_code`,`updater`,`update_datetime`,`remark`,`system_code`) VALUES ('JKEGSRYunYingShang','SM201706091041249766198','admin','2017-06-15 19:53:12',NULL,'CD-JKEG000011');
INSERT INTO `tsys_menu_role` (`role_code`,`menu_code`,`updater`,`update_datetime`,`remark`,`system_code`) VALUES ('JKEGSRYunYingShang','SM201706091042089644743','admin','2017-06-15 19:53:12',NULL,'CD-JKEG000011');
INSERT INTO `tsys_menu_role` (`role_code`,`menu_code`,`updater`,`update_datetime`,`remark`,`system_code`) VALUES ('JKEGSRYunYingShang','SM201706091043333075251','admin','2017-06-15 19:53:12',NULL,'CD-JKEG000011');
INSERT INTO `tsys_menu_role` (`role_code`,`menu_code`,`updater`,`update_datetime`,`remark`,`system_code`) VALUES ('JKEGSRZhiHuiMingSu','JKEGSM201600000000000000','admin','2017-06-15 19:53:12',NULL,'CD-JKEG000011');
INSERT INTO `tsys_menu_role` (`role_code`,`menu_code`,`updater`,`update_datetime`,`remark`,`system_code`) VALUES ('JKEGSRZhiHuiMingSu','SM201706071548155461667','admin','2017-06-15 19:53:12',NULL,'CD-JKEG000011');
INSERT INTO `tsys_menu_role` (`role_code`,`menu_code`,`updater`,`update_datetime`,`remark`,`system_code`) VALUES ('JKEGSRZhiHuiMingSu','SM201706071550118604565','admin','2017-06-15 19:53:12',NULL,'CD-JKEG000011');
INSERT INTO `tsys_menu_role` (`role_code`,`menu_code`,`updater`,`update_datetime`,`remark`,`system_code`) VALUES ('JKEGSRZhiHuiMingSu','SM201706091048271248776','admin','2017-06-15 19:53:12',NULL,'CD-JKEG000011');
INSERT INTO `tsys_menu_role` (`role_code`,`menu_code`,`updater`,`update_datetime`,`remark`,`system_code`) VALUES ('JKEGSRZhiHuiMingSu','SM201706091057392778140','admin','2017-06-15 19:53:12',NULL,'CD-JKEG000011');
INSERT INTO `tsys_menu_role` (`role_code`,`menu_code`,`updater`,`update_datetime`,`remark`,`system_code`) VALUES ('JKEGSRZhiHuiMingSu','SM201706091058305533807','admin','2017-06-15 19:53:12',NULL,'CD-JKEG000011');
INSERT INTO `tsys_menu_role` (`role_code`,`menu_code`,`updater`,`update_datetime`,`remark`,`system_code`) VALUES ('JKEGSRZhiHuiMingSu','SM201706131108060657317','admin','2017-06-15 19:53:12',NULL,'CD-JKEG000011');
INSERT INTO `tsys_menu_role` (`role_code`,`menu_code`,`updater`,`update_datetime`,`remark`,`system_code`) VALUES ('JKEGSRZhiHuiMingSu','SM201706131109151976145','admin','2017-06-15 19:53:12',NULL,'CD-JKEG000011');
INSERT INTO `tsys_menu_role` (`role_code`,`menu_code`,`updater`,`update_datetime`,`remark`,`system_code`) VALUES ('JKEGSRZhiHuiMingSu','SM201706131110321009742','admin','2017-06-15 19:53:12',NULL,'CD-JKEG000011');
INSERT INTO `tsys_menu_role` (`role_code`,`menu_code`,`updater`,`update_datetime`,`remark`,`system_code`) VALUES ('JKEGSRZhiHuiMingSu','SM201706131111277555796','admin','2017-06-15 19:53:12',NULL,'CD-JKEG000011');
INSERT INTO `tsys_menu_role` (`role_code`,`menu_code`,`updater`,`update_datetime`,`remark`,`system_code`) VALUES ('JKEGSRZhiHuiMingSu','SM201706131532460333207','admin','2017-06-15 19:53:12',NULL,'CD-JKEG000011');
INSERT INTO `tsys_menu_role` (`role_code`,`menu_code`,`updater`,`update_datetime`,`remark`,`system_code`) VALUES ('JKEGSRZhiHuiMingSu','SM201706131534057758194','admin','2017-06-15 19:53:12',NULL,'CD-JKEG000011');
INSERT INTO `tsys_menu_role` (`role_code`,`menu_code`,`updater`,`update_datetime`,`remark`,`system_code`) VALUES ('JKEGSRZhiHuiMingSu','SM201706091059095071718','admin','2017-06-15 19:53:12',NULL,'CD-JKEG000011');
INSERT INTO `tsys_menu_role` (`role_code`,`menu_code`,`updater`,`update_datetime`,`remark`,`system_code`) VALUES ('JKEGSRZhiHuiMingSu','SM201706141540147863680','admin','2017-06-15 19:53:12',NULL,'CD-JKEG000011');
INSERT INTO `tsys_menu_role` (`role_code`,`menu_code`,`updater`,`update_datetime`,`remark`,`system_code`) VALUES ('JKEGSRZhiHuiMingSu','SM201706141540426138343','admin','2017-06-15 19:53:12',NULL,'CD-JKEG000011');
INSERT INTO `tsys_menu_role` (`role_code`,`menu_code`,`updater`,`update_datetime`,`remark`,`system_code`) VALUES ('JKEGSRZhiHuiMingSu','SM201706141848221251743','admin','2017-06-15 19:53:12',NULL,'CD-JKEG000011');
INSERT INTO `tsys_menu_role` (`role_code`,`menu_code`,`updater`,`update_datetime`,`remark`,`system_code`) VALUES ('JKEGSRZhiHuiMingSu','SM201706091059453707268','admin','2017-06-15 19:53:12',NULL,'CD-JKEG000011');
INSERT INTO `tsys_menu_role` (`role_code`,`menu_code`,`updater`,`update_datetime`,`remark`,`system_code`) VALUES ('JKEGSRZhiHuiMingSu','SM201706091100104213078','admin','2017-06-15 19:53:12',NULL,'CD-JKEG000011');
INSERT INTO `tsys_menu_role` (`role_code`,`menu_code`,`updater`,`update_datetime`,`remark`,`system_code`) VALUES ('JKEGSRZhiHuiMingSu','SM201706091101400874439','admin','2017-06-15 19:53:12',NULL,'CD-JKEG000011');
INSERT INTO `tsys_menu_role` (`role_code`,`menu_code`,`updater`,`update_datetime`,`remark`,`system_code`) VALUES ('JKEGSRZhiHuiMingSu','SM201706091102065077598','admin','2017-06-15 19:53:12',NULL,'CD-JKEG000011');
INSERT INTO `tsys_menu_role` (`role_code`,`menu_code`,`updater`,`update_datetime`,`remark`,`system_code`) VALUES ('JKEGSRZhiHuiMingSu','SM201706091102282551916','admin','2017-06-15 19:53:12',NULL,'CD-JKEG000011');
INSERT INTO `tsys_menu_role` (`role_code`,`menu_code`,`updater`,`update_datetime`,`remark`,`system_code`) VALUES ('JKEGSRZhiHuiMingSu','SM201706091102539716254','admin','2017-06-15 19:53:12',NULL,'CD-JKEG000011');
INSERT INTO `tsys_menu_role` (`role_code`,`menu_code`,`updater`,`update_datetime`,`remark`,`system_code`) VALUES ('JKEGSRZhiHuiMingSu','SM201706091103152486210','admin','2017-06-15 19:53:12',NULL,'CD-JKEG000011');
INSERT INTO `tsys_menu_role` (`role_code`,`menu_code`,`updater`,`update_datetime`,`remark`,`system_code`) VALUES ('JKEGSRZhiHuiMingSu','SM20170609110339943978','admin','2017-06-15 19:53:12',NULL,'CD-JKEG000011');
INSERT INTO `tsys_menu_role` (`role_code`,`menu_code`,`updater`,`update_datetime`,`remark`,`system_code`) VALUES ('JKEGSRZhiHuiMingSu','SM201706091104031682941','admin','2017-06-15 19:53:12',NULL,'CD-JKEG000011');
INSERT INTO `tsys_menu_role` (`role_code`,`menu_code`,`updater`,`update_datetime`,`remark`,`system_code`) VALUES ('JKEGSRZhiHuiMingSu','SM201706091100571314354','admin','2017-06-15 19:53:12',NULL,'CD-JKEG000011');
INSERT INTO `tsys_menu_role` (`role_code`,`menu_code`,`updater`,`update_datetime`,`remark`,`system_code`) VALUES ('SRSuperAdmin','JKEGSM201600000000000000','admin','2017-06-15 19:53:12',NULL,'CD-JKEG000011');
INSERT INTO `tsys_menu_role` (`role_code`,`menu_code`,`updater`,`update_datetime`,`remark`,`system_code`) VALUES ('SRSuperAdmin','JKEGSM201600001000000001','admin','2017-06-15 19:53:12',NULL,'CD-JKEG000011');
INSERT INTO `tsys_menu_role` (`role_code`,`menu_code`,`updater`,`update_datetime`,`remark`,`system_code`) VALUES ('SRSuperAdmin','JKEGSM201600001000000002','admin','2017-06-15 19:53:12',NULL,'CD-JKEG000011');
INSERT INTO `tsys_menu_role` (`role_code`,`menu_code`,`updater`,`update_datetime`,`remark`,`system_code`) VALUES ('SRSuperAdmin','JKEGSM201600001000000003','admin','2017-06-15 19:53:12',NULL,'CD-JKEG000011');
INSERT INTO `tsys_menu_role` (`role_code`,`menu_code`,`updater`,`update_datetime`,`remark`,`system_code`) VALUES ('SRSuperAdmin','JKEGSM201600001000000004','admin','2017-06-15 19:53:12',NULL,'CD-JKEG000011');
INSERT INTO `tsys_menu_role` (`role_code`,`menu_code`,`updater`,`update_datetime`,`remark`,`system_code`) VALUES ('SRSuperAdmin','JKEGSM2017032911200961325','admin','2017-06-15 19:53:12',NULL,'CD-JKEG000011');
INSERT INTO `tsys_menu_role` (`role_code`,`menu_code`,`updater`,`update_datetime`,`remark`,`system_code`) VALUES ('SRSuperAdmin','JKEGSM2016101716290657836','admin','2017-06-15 19:53:12',NULL,'CD-JKEG000011');
INSERT INTO `tsys_menu_role` (`role_code`,`menu_code`,`updater`,`update_datetime`,`remark`,`system_code`) VALUES ('SRSuperAdmin','JKEGSM2016101719140087629','admin','2017-06-15 19:53:12',NULL,'CD-JKEG000011');
INSERT INTO `tsys_menu_role` (`role_code`,`menu_code`,`updater`,`update_datetime`,`remark`,`system_code`) VALUES ('SRSuperAdmin','JKEGSM2016101716295904680','admin','2017-06-15 19:53:12',NULL,'CD-JKEG000011');
INSERT INTO `tsys_menu_role` (`role_code`,`menu_code`,`updater`,`update_datetime`,`remark`,`system_code`) VALUES ('SRSuperAdmin','JKEGSM2016101719143965297','admin','2017-06-15 19:53:12',NULL,'CD-JKEG000011');
INSERT INTO `tsys_menu_role` (`role_code`,`menu_code`,`updater`,`update_datetime`,`remark`,`system_code`) VALUES ('SRSuperAdmin','JKEGSM2016101716241339082','admin','2017-06-15 19:53:12',NULL,'CD-JKEG000011');
INSERT INTO `tsys_menu_role` (`role_code`,`menu_code`,`updater`,`update_datetime`,`remark`,`system_code`) VALUES ('SRSuperAdmin','JKEGSM2016101716253866426','admin','2017-06-15 19:53:12',NULL,'CD-JKEG000011');
INSERT INTO `tsys_menu_role` (`role_code`,`menu_code`,`updater`,`update_datetime`,`remark`,`system_code`) VALUES ('SRSuperAdmin','JKEGSM2016101716450533995','admin','2017-06-15 19:53:12',NULL,'CD-JKEG000011');
INSERT INTO `tsys_menu_role` (`role_code`,`menu_code`,`updater`,`update_datetime`,`remark`,`system_code`) VALUES ('SRSuperAdmin','JKEGSM2016101717551955993','admin','2017-06-15 19:53:12',NULL,'CD-JKEG000011');
INSERT INTO `tsys_menu_role` (`role_code`,`menu_code`,`updater`,`update_datetime`,`remark`,`system_code`) VALUES ('SRSuperAdmin','JKEGSM2016101717560118734','admin','2017-06-15 19:53:12',NULL,'CD-JKEG000011');
INSERT INTO `tsys_menu_role` (`role_code`,`menu_code`,`updater`,`update_datetime`,`remark`,`system_code`) VALUES ('SRSuperAdmin','JKEGSM2016101717563661357','admin','2017-06-15 19:53:12',NULL,'CD-JKEG000011');
INSERT INTO `tsys_menu_role` (`role_code`,`menu_code`,`updater`,`update_datetime`,`remark`,`system_code`) VALUES ('SRSuperAdmin','JKEGSM2016101716261754674','admin','2017-06-15 19:53:12',NULL,'CD-JKEG000011');
INSERT INTO `tsys_menu_role` (`role_code`,`menu_code`,`updater`,`update_datetime`,`remark`,`system_code`) VALUES ('SRSuperAdmin','JKEGSM2016101719082391126','admin','2017-06-15 19:53:12',NULL,'CD-JKEG000011');
INSERT INTO `tsys_menu_role` (`role_code`,`menu_code`,`updater`,`update_datetime`,`remark`,`system_code`) VALUES ('SRSuperAdmin','JKEGSM2016101719094151894','admin','2017-06-15 19:53:12',NULL,'CD-JKEG000011');
INSERT INTO `tsys_menu_role` (`role_code`,`menu_code`,`updater`,`update_datetime`,`remark`,`system_code`) VALUES ('SRSuperAdmin','JKEGSM2016101719100760088','admin','2017-06-15 19:53:12',NULL,'CD-JKEG000011');
INSERT INTO `tsys_menu_role` (`role_code`,`menu_code`,`updater`,`update_datetime`,`remark`,`system_code`) VALUES ('SRSuperAdmin','JKEGSM2016101719110981215','admin','2017-06-15 19:53:12',NULL,'CD-JKEG000011');
INSERT INTO `tsys_menu_role` (`role_code`,`menu_code`,`updater`,`update_datetime`,`remark`,`system_code`) VALUES ('SRSuperAdmin','JKEGSM2016120610552303416','admin','2017-06-15 19:53:12',NULL,'CD-JKEG000011');
INSERT INTO `tsys_menu_role` (`role_code`,`menu_code`,`updater`,`update_datetime`,`remark`,`system_code`) VALUES ('SRSuperAdmin','SM201706061802006383128','admin','2017-06-15 19:53:12',NULL,'CD-JKEG000011');
INSERT INTO `tsys_menu_role` (`role_code`,`menu_code`,`updater`,`update_datetime`,`remark`,`system_code`) VALUES ('SRSuperAdmin','SM201706061806430243314','admin','2017-06-15 19:53:12',NULL,'CD-JKEG000011');
INSERT INTO `tsys_menu_role` (`role_code`,`menu_code`,`updater`,`update_datetime`,`remark`,`system_code`) VALUES ('SRSuperAdmin','SM201706070951306538991','admin','2017-06-15 19:53:12',NULL,'CD-JKEG000011');
INSERT INTO `tsys_menu_role` (`role_code`,`menu_code`,`updater`,`update_datetime`,`remark`,`system_code`) VALUES ('SRSuperAdmin','SM20170607093745983166','admin','2017-06-15 19:53:12',NULL,'CD-JKEG000011');
INSERT INTO `tsys_menu_role` (`role_code`,`menu_code`,`updater`,`update_datetime`,`remark`,`system_code`) VALUES ('SRSuperAdmin','SM201706091024388862079','admin','2017-06-15 19:53:12',NULL,'CD-JKEG000011');
INSERT INTO `tsys_menu_role` (`role_code`,`menu_code`,`updater`,`update_datetime`,`remark`,`system_code`) VALUES ('SRSuperAdmin','SM201706091052306152727','admin','2017-06-15 19:53:12',NULL,'CD-JKEG000011');
INSERT INTO `tsys_menu_role` (`role_code`,`menu_code`,`updater`,`update_datetime`,`remark`,`system_code`) VALUES ('SRSuperAdmin','SM201706151117138035040','admin','2017-06-15 19:53:12',NULL,'CD-JKEG000011');
INSERT INTO `tsys_menu_role` (`role_code`,`menu_code`,`updater`,`update_datetime`,`remark`,`system_code`) VALUES ('SRSuperAdmin','SM201706151119054542970','admin','2017-06-15 19:53:12',NULL,'CD-JKEG000011');
INSERT INTO `tsys_menu_role` (`role_code`,`menu_code`,`updater`,`update_datetime`,`remark`,`system_code`) VALUES ('SRSuperAdmin','SM201706091025220189944','admin','2017-06-15 19:53:12',NULL,'CD-JKEG000011');
INSERT INTO `tsys_menu_role` (`role_code`,`menu_code`,`updater`,`update_datetime`,`remark`,`system_code`) VALUES ('SRSuperAdmin','SM20170609145203659555','admin','2017-06-15 19:53:12',NULL,'CD-JKEG000011');
INSERT INTO `tsys_menu_role` (`role_code`,`menu_code`,`updater`,`update_datetime`,`remark`,`system_code`) VALUES ('SRSuperAdmin','SM201706091452542939551','admin','2017-06-15 19:53:12',NULL,'CD-JKEG000011');
INSERT INTO `tsys_menu_role` (`role_code`,`menu_code`,`updater`,`update_datetime`,`remark`,`system_code`) VALUES ('SRSuperAdmin','SM201706070939074951405','admin','2017-06-15 19:53:12',NULL,'CD-JKEG000011');
INSERT INTO `tsys_menu_role` (`role_code`,`menu_code`,`updater`,`update_datetime`,`remark`,`system_code`) VALUES ('SRSuperAdmin','SM201706091029024979007','admin','2017-06-15 19:53:12',NULL,'CD-JKEG000011');
INSERT INTO `tsys_menu_role` (`role_code`,`menu_code`,`updater`,`update_datetime`,`remark`,`system_code`) VALUES ('SRSuperAdmin','SM201706091451390491674','admin','2017-06-15 19:53:12',NULL,'CD-JKEG000011');
INSERT INTO `tsys_menu_role` (`role_code`,`menu_code`,`updater`,`update_datetime`,`remark`,`system_code`) VALUES ('SRSuperAdmin','SM201706091453298108773','admin','2017-06-15 19:53:12',NULL,'CD-JKEG000011');
INSERT INTO `tsys_menu_role` (`role_code`,`menu_code`,`updater`,`update_datetime`,`remark`,`system_code`) VALUES ('SRSuperAdmin','SM201706091454224449870','admin','2017-06-15 19:53:12',NULL,'CD-JKEG000011');
INSERT INTO `tsys_menu_role` (`role_code`,`menu_code`,`updater`,`update_datetime`,`remark`,`system_code`) VALUES ('SRSuperAdmin','SM201706091455247605139','admin','2017-06-15 19:53:12',NULL,'CD-JKEG000011');
INSERT INTO `tsys_menu_role` (`role_code`,`menu_code`,`updater`,`update_datetime`,`remark`,`system_code`) VALUES ('SRSuperAdmin','SM201706091456082713233','admin','2017-06-15 19:53:12',NULL,'CD-JKEG000011');
INSERT INTO `tsys_menu_role` (`role_code`,`menu_code`,`updater`,`update_datetime`,`remark`,`system_code`) VALUES ('SRSuperAdmin','SM201706091456366992790','admin','2017-06-15 19:53:12',NULL,'CD-JKEG000011');
INSERT INTO `tsys_menu_role` (`role_code`,`menu_code`,`updater`,`update_datetime`,`remark`,`system_code`) VALUES ('SRSuperAdmin','SM201706070940442936709','admin','2017-06-15 19:53:12',NULL,'CD-JKEG000011');
INSERT INTO `tsys_menu_role` (`role_code`,`menu_code`,`updater`,`update_datetime`,`remark`,`system_code`) VALUES ('SRSuperAdmin','SM201706070938254724260','admin','2017-06-15 19:53:12',NULL,'CD-JKEG000011');
INSERT INTO `tsys_menu_role` (`role_code`,`menu_code`,`updater`,`update_datetime`,`remark`,`system_code`) VALUES ('SRSuperAdmin','SM201706091425256308890','admin','2017-06-15 19:53:12',NULL,'CD-JKEG000011');
INSERT INTO `tsys_menu_role` (`role_code`,`menu_code`,`updater`,`update_datetime`,`remark`,`system_code`) VALUES ('SRSuperAdmin','SM201706091428392302386','admin','2017-06-15 19:53:12',NULL,'CD-JKEG000011');
INSERT INTO `tsys_menu_role` (`role_code`,`menu_code`,`updater`,`update_datetime`,`remark`,`system_code`) VALUES ('SRSuperAdmin','SM201706091429112238750','admin','2017-06-15 19:53:12',NULL,'CD-JKEG000011');
INSERT INTO `tsys_menu_role` (`role_code`,`menu_code`,`updater`,`update_datetime`,`remark`,`system_code`) VALUES ('SRSuperAdmin','SM201706091430201505905','admin','2017-06-15 19:53:12',NULL,'CD-JKEG000011');
INSERT INTO `tsys_menu_role` (`role_code`,`menu_code`,`updater`,`update_datetime`,`remark`,`system_code`) VALUES ('SRSuperAdmin','SM201706070938459175390','admin','2017-06-15 19:53:12',NULL,'CD-JKEG000011');
INSERT INTO `tsys_menu_role` (`role_code`,`menu_code`,`updater`,`update_datetime`,`remark`,`system_code`) VALUES ('SRSuperAdmin','SM201706071824230802805','admin','2017-06-15 19:53:12',NULL,'CD-JKEG000011');
INSERT INTO `tsys_menu_role` (`role_code`,`menu_code`,`updater`,`update_datetime`,`remark`,`system_code`) VALUES ('SRSuperAdmin','SM201706091427172014183','admin','2017-06-15 19:53:12',NULL,'CD-JKEG000011');
INSERT INTO `tsys_menu_role` (`role_code`,`menu_code`,`updater`,`update_datetime`,`remark`,`system_code`) VALUES ('SRSuperAdmin','SM20170609143059900785','admin','2017-06-15 19:53:12',NULL,'CD-JKEG000011');
INSERT INTO `tsys_menu_role` (`role_code`,`menu_code`,`updater`,`update_datetime`,`remark`,`system_code`) VALUES ('SRSuperAdmin','SM201706091432202528029','admin','2017-06-15 19:53:12',NULL,'CD-JKEG000011');
INSERT INTO `tsys_menu_role` (`role_code`,`menu_code`,`updater`,`update_datetime`,`remark`,`system_code`) VALUES ('SRSuperAdmin','SM201706091432599691132','admin','2017-06-15 19:53:12',NULL,'CD-JKEG000011');
INSERT INTO `tsys_menu_role` (`role_code`,`menu_code`,`updater`,`update_datetime`,`remark`,`system_code`) VALUES ('SRSuperAdmin','SM201706091433303714199','admin','2017-06-15 19:53:12',NULL,'CD-JKEG000011');
INSERT INTO `tsys_menu_role` (`role_code`,`menu_code`,`updater`,`update_datetime`,`remark`,`system_code`) VALUES ('SRSuperAdmin','SM201706070944401103407','admin','2017-06-15 19:53:12',NULL,'CD-JKEG000011');
INSERT INTO `tsys_menu_role` (`role_code`,`menu_code`,`updater`,`update_datetime`,`remark`,`system_code`) VALUES ('SRSuperAdmin','SM201706081041527417717','admin','2017-06-15 19:53:12',NULL,'CD-JKEG000011');
INSERT INTO `tsys_menu_role` (`role_code`,`menu_code`,`updater`,`update_datetime`,`remark`,`system_code`) VALUES ('SRSuperAdmin','SM201706081058305898750','admin','2017-06-15 19:53:12',NULL,'CD-JKEG000011');
INSERT INTO `tsys_menu_role` (`role_code`,`menu_code`,`updater`,`update_datetime`,`remark`,`system_code`) VALUES ('SRSuperAdmin','SM20170608105949287222','admin','2017-06-15 19:53:12',NULL,'CD-JKEG000011');
INSERT INTO `tsys_menu_role` (`role_code`,`menu_code`,`updater`,`update_datetime`,`remark`,`system_code`) VALUES ('SRSuperAdmin','SM201706081100545041123','admin','2017-06-15 19:53:12',NULL,'CD-JKEG000011');
INSERT INTO `tsys_menu_role` (`role_code`,`menu_code`,`updater`,`update_datetime`,`remark`,`system_code`) VALUES ('SRSuperAdmin','SM201706081101341977196','admin','2017-06-15 19:53:12',NULL,'CD-JKEG000011');
INSERT INTO `tsys_menu_role` (`role_code`,`menu_code`,`updater`,`update_datetime`,`remark`,`system_code`) VALUES ('SRSuperAdmin','SM201706081042389183864','admin','2017-06-15 19:53:12',NULL,'CD-JKEG000011');
INSERT INTO `tsys_menu_role` (`role_code`,`menu_code`,`updater`,`update_datetime`,`remark`,`system_code`) VALUES ('SRSuperAdmin','SM201706081104035298218','admin','2017-06-15 19:53:12',NULL,'CD-JKEG000011');
INSERT INTO `tsys_menu_role` (`role_code`,`menu_code`,`updater`,`update_datetime`,`remark`,`system_code`) VALUES ('SRSuperAdmin','SM201706081105035246857','admin','2017-06-15 19:53:12',NULL,'CD-JKEG000011');
INSERT INTO `tsys_menu_role` (`role_code`,`menu_code`,`updater`,`update_datetime`,`remark`,`system_code`) VALUES ('SRSuperAdmin','SM201706081105491362907','admin','2017-06-15 19:53:12',NULL,'CD-JKEG000011');
INSERT INTO `tsys_menu_role` (`role_code`,`menu_code`,`updater`,`update_datetime`,`remark`,`system_code`) VALUES ('SRSuperAdmin','SM201706081107543351257','admin','2017-06-15 19:53:12',NULL,'CD-JKEG000011');
INSERT INTO `tsys_menu_role` (`role_code`,`menu_code`,`updater`,`update_datetime`,`remark`,`system_code`) VALUES ('SRSuperAdmin','SM201706081109199815331','admin','2017-06-15 19:53:12',NULL,'CD-JKEG000011');
INSERT INTO `tsys_menu_role` (`role_code`,`menu_code`,`updater`,`update_datetime`,`remark`,`system_code`) VALUES ('SRSuperAdmin','SM20170608111030723304','admin','2017-06-15 19:53:12',NULL,'CD-JKEG000011');
INSERT INTO `tsys_menu_role` (`role_code`,`menu_code`,`updater`,`update_datetime`,`remark`,`system_code`) VALUES ('SRSuperAdmin','SM201706081348504839052','admin','2017-06-15 19:53:12',NULL,'CD-JKEG000011');
INSERT INTO `tsys_menu_role` (`role_code`,`menu_code`,`updater`,`update_datetime`,`remark`,`system_code`) VALUES ('SRSuperAdmin','SM20170608104320603699','admin','2017-06-15 19:53:12',NULL,'CD-JKEG000011');
INSERT INTO `tsys_menu_role` (`role_code`,`menu_code`,`updater`,`update_datetime`,`remark`,`system_code`) VALUES ('SRSuperAdmin','SM201706081112503345099','admin','2017-06-15 19:53:12',NULL,'CD-JKEG000011');
INSERT INTO `tsys_menu_role` (`role_code`,`menu_code`,`updater`,`update_datetime`,`remark`,`system_code`) VALUES ('SRSuperAdmin','SM201706081113306175389','admin','2017-06-15 19:53:12',NULL,'CD-JKEG000011');
INSERT INTO `tsys_menu_role` (`role_code`,`menu_code`,`updater`,`update_datetime`,`remark`,`system_code`) VALUES ('SRSuperAdmin','SM201706081114157712081','admin','2017-06-15 19:53:12',NULL,'CD-JKEG000011');
INSERT INTO `tsys_menu_role` (`role_code`,`menu_code`,`updater`,`update_datetime`,`remark`,`system_code`) VALUES ('SRSuperAdmin','SM201706081114599713874','admin','2017-06-15 19:53:12',NULL,'CD-JKEG000011');
INSERT INTO `tsys_menu_role` (`role_code`,`menu_code`,`updater`,`update_datetime`,`remark`,`system_code`) VALUES ('SRSuperAdmin','SM201706081115515003680','admin','2017-06-15 19:53:12',NULL,'CD-JKEG000011');
INSERT INTO `tsys_menu_role` (`role_code`,`menu_code`,`updater`,`update_datetime`,`remark`,`system_code`) VALUES ('SRSuperAdmin','SM201706070945103376874','admin','2017-06-15 19:53:12',NULL,'CD-JKEG000011');
INSERT INTO `tsys_menu_role` (`role_code`,`menu_code`,`updater`,`update_datetime`,`remark`,`system_code`) VALUES ('SRSuperAdmin','SM201706070955439899232','admin','2017-06-15 19:53:12',NULL,'CD-JKEG000011');
INSERT INTO `tsys_menu_role` (`role_code`,`menu_code`,`updater`,`update_datetime`,`remark`,`system_code`) VALUES ('SRSuperAdmin','SM201706091431367695450','admin','2017-06-15 19:53:12',NULL,'CD-JKEG000011');
INSERT INTO `tsys_menu_role` (`role_code`,`menu_code`,`updater`,`update_datetime`,`remark`,`system_code`) VALUES ('SRSuperAdmin','SM201706091030157547475','admin','2017-06-15 19:53:12',NULL,'CD-JKEG000011');
INSERT INTO `tsys_menu_role` (`role_code`,`menu_code`,`updater`,`update_datetime`,`remark`,`system_code`) VALUES ('SRSuperAdmin','SM201706091030400304709','admin','2017-06-15 19:53:12',NULL,'CD-JKEG000011');
INSERT INTO `tsys_menu_role` (`role_code`,`menu_code`,`updater`,`update_datetime`,`remark`,`system_code`) VALUES ('SRSuperAdmin','SM201706091031162443237','admin','2017-06-15 19:53:12',NULL,'CD-JKEG000011');
INSERT INTO `tsys_menu_role` (`role_code`,`menu_code`,`updater`,`update_datetime`,`remark`,`system_code`) VALUES ('SRSuperAdmin','SM201706070945485223732','admin','2017-06-15 19:53:12',NULL,'CD-JKEG000011');
INSERT INTO `tsys_menu_role` (`role_code`,`menu_code`,`updater`,`update_datetime`,`remark`,`system_code`) VALUES ('SRSuperAdmin','SM201706070953059498646','admin','2017-06-15 19:53:12',NULL,'CD-JKEG000011');
INSERT INTO `tsys_menu_role` (`role_code`,`menu_code`,`updater`,`update_datetime`,`remark`,`system_code`) VALUES ('SRSuperAdmin','SM201706091035211453387','admin','2017-06-15 19:53:12',NULL,'CD-JKEG000011');
INSERT INTO `tsys_menu_role` (`role_code`,`menu_code`,`updater`,`update_datetime`,`remark`,`system_code`) VALUES ('SRSuperAdmin','SM201706142020442352432','admin','2017-06-15 19:53:12',NULL,'CD-JKEG000011');
INSERT INTO `tsys_menu_role` (`role_code`,`menu_code`,`updater`,`update_datetime`,`remark`,`system_code`) VALUES ('SRSuperAdmin','SM201706142025385647618','admin','2017-06-15 19:53:12',NULL,'CD-JKEG000011');
INSERT INTO `tsys_menu_role` (`role_code`,`menu_code`,`updater`,`update_datetime`,`remark`,`system_code`) VALUES ('SRSuperAdmin','SM201706142026195456744','admin','2017-06-15 19:53:12',NULL,'CD-JKEG000011');
INSERT INTO `tsys_menu_role` (`role_code`,`menu_code`,`updater`,`update_datetime`,`remark`,`system_code`) VALUES ('SRSuperAdmin','SM201706091035557236346','admin','2017-06-15 19:53:12',NULL,'CD-JKEG000011');
INSERT INTO `tsys_menu_role` (`role_code`,`menu_code`,`updater`,`update_datetime`,`remark`,`system_code`) VALUES ('SRSuperAdmin','SM201706091036176352060','admin','2017-06-15 19:53:12',NULL,'CD-JKEG000011');
INSERT INTO `tsys_menu_role` (`role_code`,`menu_code`,`updater`,`update_datetime`,`remark`,`system_code`) VALUES ('SRSuperAdmin','SM201706091608436292011','admin','2017-06-15 19:53:12',NULL,'CD-JKEG000011');
INSERT INTO `tsys_menu_role` (`role_code`,`menu_code`,`updater`,`update_datetime`,`remark`,`system_code`) VALUES ('SRSuperAdmin','SM201706091611022108693','admin','2017-06-15 19:53:12',NULL,'CD-JKEG000011');
INSERT INTO `tsys_menu_role` (`role_code`,`menu_code`,`updater`,`update_datetime`,`remark`,`system_code`) VALUES ('SRSuperAdmin','SM201706091611420496875','admin','2017-06-15 19:53:12',NULL,'CD-JKEG000011');
INSERT INTO `tsys_menu_role` (`role_code`,`menu_code`,`updater`,`update_datetime`,`remark`,`system_code`) VALUES ('SRSuperAdmin','SM20170609161238605719','admin','2017-06-15 19:53:12',NULL,'CD-JKEG000011');
INSERT INTO `tsys_menu_role` (`role_code`,`menu_code`,`updater`,`update_datetime`,`remark`,`system_code`) VALUES ('SRSuperAdmin','SM201706091015288617285','admin','2017-06-15 19:53:12',NULL,'CD-JKEG000011');
INSERT INTO `tsys_menu_role` (`role_code`,`menu_code`,`updater`,`update_datetime`,`remark`,`system_code`) VALUES ('SRSuperAdmin','SM201706091032374585633','admin','2017-06-15 19:53:12',NULL,'CD-JKEG000011');
INSERT INTO `tsys_menu_role` (`role_code`,`menu_code`,`updater`,`update_datetime`,`remark`,`system_code`) VALUES ('SRSuperAdmin','SM201706091100571314354','admin','2017-06-15 19:53:12',NULL,'CD-JKEG000011');
INSERT INTO `tsys_menu_role` (`role_code`,`menu_code`,`updater`,`update_datetime`,`remark`,`system_code`) VALUES ('SRSuperAdmin','SM201706142110488149984','admin','2017-06-15 19:53:12',NULL,'CD-JKEG000011');
INSERT INTO `tsys_menu_role` (`role_code`,`menu_code`,`updater`,`update_datetime`,`remark`,`system_code`) VALUES ('SRSuperAdmin','SM20170614211136780245','admin','2017-06-15 19:53:12',NULL,'CD-JKEG000011');
INSERT INTO `tsys_menu_role` (`role_code`,`menu_code`,`updater`,`update_datetime`,`remark`,`system_code`) VALUES ('SRSuperAdmin','SM201706142112142991269','admin','2017-06-15 19:53:12',NULL,'CD-JKEG000011');
INSERT INTO `tsys_menu_role` (`role_code`,`menu_code`,`updater`,`update_datetime`,`remark`,`system_code`) VALUES ('SRSuperAdmin','SM201706142112576797878','admin','2017-06-15 19:53:12',NULL,'CD-JKEG000011');
INSERT INTO `tsys_menu_role` (`role_code`,`menu_code`,`updater`,`update_datetime`,`remark`,`system_code`) VALUES ('SRSuperAdmin','SM201706091042089644743','admin','2017-06-15 19:53:12',NULL,'CD-JKEG000011');
INSERT INTO `tsys_menu_role` (`role_code`,`menu_code`,`updater`,`update_datetime`,`remark`,`system_code`) VALUES ('SRSuperAdmin','SM20170609103257908459','admin','2017-06-15 19:53:12',NULL,'CD-JKEG000011');
INSERT INTO `tsys_menu_role` (`role_code`,`menu_code`,`updater`,`update_datetime`,`remark`,`system_code`) VALUES ('SRSuperAdmin','SM201706091039214869632','admin','2017-06-15 19:53:12',NULL,'CD-JKEG000011');
INSERT INTO `tsys_menu_role` (`role_code`,`menu_code`,`updater`,`update_datetime`,`remark`,`system_code`) VALUES ('SRSuperAdmin','SM201706142107115521269','admin','2017-06-15 19:53:12',NULL,'CD-JKEG000011');
INSERT INTO `tsys_menu_role` (`role_code`,`menu_code`,`updater`,`update_datetime`,`remark`,`system_code`) VALUES ('SRSuperAdmin','SM201706142107358434081','admin','2017-06-15 19:53:12',NULL,'CD-JKEG000011');
INSERT INTO `tsys_menu_role` (`role_code`,`menu_code`,`updater`,`update_datetime`,`remark`,`system_code`) VALUES ('SRSuperAdmin','SM201706091055517003814','admin','2017-06-15 19:53:12',NULL,'CD-JKEG000011');
INSERT INTO `tsys_menu_role` (`role_code`,`menu_code`,`updater`,`update_datetime`,`remark`,`system_code`) VALUES ('SRSuperAdmin','SM201706142114161457340','admin','2017-06-15 19:53:12',NULL,'CD-JKEG000011');
INSERT INTO `tsys_menu_role` (`role_code`,`menu_code`,`updater`,`update_datetime`,`remark`,`system_code`) VALUES ('SRSuperAdmin','SM201706142115009362167','admin','2017-06-15 19:53:12',NULL,'CD-JKEG000011');
INSERT INTO `tsys_menu_role` (`role_code`,`menu_code`,`updater`,`update_datetime`,`remark`,`system_code`) VALUES ('SRSuperAdmin','SM201706142043590794070','admin','2017-06-15 19:53:12',NULL,'CD-JKEG000011');
INSERT INTO `tsys_menu_role` (`role_code`,`menu_code`,`updater`,`update_datetime`,`remark`,`system_code`) VALUES ('SRSuperAdmin','SM201706142115484171486','admin','2017-06-15 19:53:12',NULL,'CD-JKEG000011');
INSERT INTO `tsys_menu_role` (`role_code`,`menu_code`,`updater`,`update_datetime`,`remark`,`system_code`) VALUES ('SRSuperAdmin','SM201706142116155005756','admin','2017-06-15 19:53:12',NULL,'CD-JKEG000011');
INSERT INTO `tsys_menu_role` (`role_code`,`menu_code`,`updater`,`update_datetime`,`remark`,`system_code`) VALUES ('SRSuperAdmin','SM201706142044348477377','admin','2017-06-15 19:53:12',NULL,'CD-JKEG000011');
INSERT INTO `tsys_menu_role` (`role_code`,`menu_code`,`updater`,`update_datetime`,`remark`,`system_code`) VALUES ('SRSuperAdmin','SM201706142117044077455','admin','2017-06-15 19:53:12',NULL,'CD-JKEG000011');
INSERT INTO `tsys_menu_role` (`role_code`,`menu_code`,`updater`,`update_datetime`,`remark`,`system_code`) VALUES ('SRSuperAdmin','SM201706091017135006401','admin','2017-06-15 19:53:12',NULL,'CD-JKEG000011');
INSERT INTO `tsys_menu_role` (`role_code`,`menu_code`,`updater`,`update_datetime`,`remark`,`system_code`) VALUES ('SRSuperAdmin','SM201706091033277291480','admin','2017-06-15 19:53:12',NULL,'CD-JKEG000011');
INSERT INTO `tsys_menu_role` (`role_code`,`menu_code`,`updater`,`update_datetime`,`remark`,`system_code`) VALUES ('SRSuperAdmin','SM201706091034135079340','admin','2017-06-15 19:53:12',NULL,'CD-JKEG000011');
INSERT INTO `tsys_menu_role` (`role_code`,`menu_code`,`updater`,`update_datetime`,`remark`,`system_code`) VALUES ('SRSuperAdmin','SM20170609103433608735','admin','2017-06-15 19:53:12',NULL,'CD-JKEG000011');
INSERT INTO `tsys_menu_role` (`role_code`,`menu_code`,`updater`,`update_datetime`,`remark`,`system_code`) VALUES ('SRSuperAdmin','SM201706151617395638713','admin','2017-06-15 19:53:12',NULL,'CD-JKEG000011');
INSERT INTO `tsys_menu_role` (`role_code`,`menu_code`,`updater`,`update_datetime`,`remark`,`system_code`) VALUES ('SRSuperAdmin','SM201706151618048023263','admin','2017-06-15 19:53:12',NULL,'CD-JKEG000011');
INSERT INTO `tsys_menu_role` (`role_code`,`menu_code`,`updater`,`update_datetime`,`remark`,`system_code`) VALUES ('SRSuperAdmin','SM201706151618236928022','admin','2017-06-15 19:53:12',NULL,'CD-JKEG000011');
INSERT INTO `tsys_menu_role` (`role_code`,`menu_code`,`updater`,`update_datetime`,`remark`,`system_code`) VALUES ('SRSuperAdmin','SM20170615161846779770','admin','2017-06-15 19:53:12',NULL,'CD-JKEG000011');
INSERT INTO `tsys_menu_role` (`role_code`,`menu_code`,`updater`,`update_datetime`,`remark`,`system_code`) VALUES ('SRSuperAdmin','SM201706151619266886457','admin','2017-06-15 19:53:12',NULL,'CD-JKEG000011');
INSERT INTO `tsys_menu_role` (`role_code`,`menu_code`,`updater`,`update_datetime`,`remark`,`system_code`) VALUES ('SRSuperAdmin','SM201706091034563354569','admin','2017-06-15 19:53:12',NULL,'CD-JKEG000011');
INSERT INTO `tsys_menu_role` (`role_code`,`menu_code`,`updater`,`update_datetime`,`remark`,`system_code`) VALUES ('SRSuperAdmin','SM201706151452190997054','admin','2017-06-15 19:53:12',NULL,'CD-JKEG000011');
INSERT INTO `tsys_menu_role` (`role_code`,`menu_code`,`updater`,`update_datetime`,`remark`,`system_code`) VALUES ('SRSuperAdmin','SM201706151452490202776','admin','2017-06-15 19:53:12',NULL,'CD-JKEG000011');
INSERT INTO `tsys_menu_role` (`role_code`,`menu_code`,`updater`,`update_datetime`,`remark`,`system_code`) VALUES ('SRSuperAdmin','SM201706151453147475381','admin','2017-06-15 19:53:12',NULL,'CD-JKEG000011');


/*
-- Query: select `system_code`, `type`, `parent_key`, `dkey`, `dvalue`, `updater`,now() as `update_datetime`, `remark` from tsys_dict
LIMIT 0, 10000

-- Date: 2017-03-09 16:16
*/

INSERT INTO `tsys_dict` (`type`,`parent_key`,`dkey`,`dvalue`,`updater`,`update_datetime`,`remark`,`system_code`) VALUES ('0',NULL,'user_status','用户状态','admin',now(),NULL,'CD-JKEG000011');
INSERT INTO `tsys_dict` (`type`,`parent_key`,`dkey`,`dvalue`,`updater`,`update_datetime`,`remark`,`system_code`) VALUES ('1','user_status','0','正常','admin',now(),NULL,'CD-JKEG000011');
INSERT INTO `tsys_dict` (`type`,`parent_key`,`dkey`,`dvalue`,`updater`,`update_datetime`,`remark`,`system_code`) VALUES ('1','user_status','1','程序锁定','admin',now(),NULL,'CD-JKEG000011');
INSERT INTO `tsys_dict` (`type`,`parent_key`,`dkey`,`dvalue`,`updater`,`update_datetime`,`remark`,`system_code`) VALUES ('1','user_status','2','人工锁定','admin',now(),NULL,'CD-JKEG000011');

INSERT INTO `tsys_dict` (`type`,`parent_key`,`dkey`,`dvalue`,`updater`,`update_datetime`,`remark`,`system_code`) VALUES ('0',NULL,'id_kind','证件类型','admin',now(),NULL,'CD-JKEG000011');
INSERT INTO `tsys_dict` (`type`,`parent_key`,`dkey`,`dvalue`,`updater`,`update_datetime`,`remark`,`system_code`) VALUES ('1','id_kind','1','身份证','admin',now(),NULL,'CD-JKEG000011');

INSERT INTO `tsys_dict` (`type`,`parent_key`,`dkey`,`dvalue`,`updater`,`update_datetime`,`remark`,`system_code`) VALUES ('0',NULL,'role_level','角色等级','admin',now(),NULL,'CD-JKEG000011');
INSERT INTO `tsys_dict` (`type`,`parent_key`,`dkey`,`dvalue`,`updater`,`update_datetime`,`remark`,`system_code`) VALUES ('1','role_level','1','运维','admin',now(),NULL,'CD-JKEG000011');
INSERT INTO `tsys_dict` (`type`,`parent_key`,`dkey`,`dvalue`,`updater`,`update_datetime`,`remark`,`system_code`) VALUES ('1','role_level','2','运营','admin',now(),NULL,'CD-JKEG000011');
INSERT INTO `tsys_dict` (`type`,`parent_key`,`dkey`,`dvalue`,`updater`,`update_datetime`,`remark`,`system_code`) VALUES ('1','role_level','3','客户','admin',now(),NULL,'CD-JKEG000011');

INSERT INTO `tsys_dict` (`type`,`parent_key`,`dkey`,`dvalue`,`updater`,`update_datetime`,`remark`,`system_code`) VALUES ('0',NULL,'res_type','资源类型','admin',now(),NULL,'CD-JKEG000011');
INSERT INTO `tsys_dict` (`type`,`parent_key`,`dkey`,`dvalue`,`updater`,`update_datetime`,`remark`,`system_code`) VALUES ('1','res_type','1','菜单','admin',now(),NULL,'CD-JKEG000011');
INSERT INTO `tsys_dict` (`type`,`parent_key`,`dkey`,`dvalue`,`updater`,`update_datetime`,`remark`,`system_code`) VALUES ('1','res_type','2','按钮','admin',now(),NULL,'CD-JKEG000011');

INSERT INTO `tsys_dict` (`type`,`parent_key`,`dkey`,`dvalue`,`updater`,`update_datetime`,`remark`,`system_code`) VALUES ('0',NULL,'lock_direction','锁定方向','admin',now(),NULL,'CD-JKEG000011');
INSERT INTO `tsys_dict` (`type`,`parent_key`,`dkey`,`dvalue`,`updater`,`update_datetime`,`remark`,`system_code`) VALUES ('1','lock_direction','1','锁定','admin',now(),NULL,'CD-JKEG000011');
INSERT INTO `tsys_dict` (`type`,`parent_key`,`dkey`,`dvalue`,`updater`,`update_datetime`,`remark`,`system_code`) VALUES ('1','lock_direction','2','解锁','admin',now(),NULL,'CD-JKEG000011');

INSERT INTO `tsys_dict` (`type`,`parent_key`,`dkey`,`dvalue`,`updater`,`update_datetime`,`remark`,`system_code`) VALUES ('0',NULL,'partner_status','合伙人状态','admin',now(),'','CD-JKEG000011');
INSERT INTO `tsys_dict` (`type`,`parent_key`,`dkey`,`dvalue`,`updater`,`update_datetime`,`remark`,`system_code`) VALUES ('1','partner_status','0','合伙中','admin',now(),'','CD-JKEG000011');
INSERT INTO `tsys_dict` (`type`,`parent_key`,`dkey`,`dvalue`,`updater`,`update_datetime`,`remark`,`system_code`) VALUES ('1','partner_status','2','已解散合伙','admin',now(),'','CD-JKEG000011');

INSERT INTO `tsys_dict` (`type`,`parent_key`,`dkey`,`dvalue`,`updater`,`update_datetime`,`remark`,`system_code`) VALUES ('0',NULL,'news_status','信息状态','admin',now(),NULL,'CD-JKEG000011');
INSERT INTO `tsys_dict` (`type`,`parent_key`,`dkey`,`dvalue`,`updater`,`update_datetime`,`remark`,`system_code`) VALUES ('1','news_status','0','待发送','admin',now(),NULL,'CD-JKEG000011');
INSERT INTO `tsys_dict` (`type`,`parent_key`,`dkey`,`dvalue`,`updater`,`update_datetime`,`remark`,`system_code`) VALUES ('1','news_status','1','已发送','admin',now(),NULL,'CD-JKEG000011');
INSERT INTO `tsys_dict` (`type`,`parent_key`,`dkey`,`dvalue`,`updater`,`update_datetime`,`remark`,`system_code`) VALUES ('1','news_status','2','发送失败','admin',now(),NULL,'CD-JKEG000011');

INSERT INTO `tsys_dict` (`type`,`parent_key`,`dkey`,`dvalue`,`updater`,`update_datetime`,`remark`,`system_code`) VALUES ('0','','msg_status','消息状态','admin',now(),'','CD-JKEG000011');
INSERT INTO `tsys_dict` (`type`,`parent_key`,`dkey`,`dvalue`,`updater`,`update_datetime`,`remark`,`system_code`) VALUES ('1','msg_status','0','未发布','admin',now(),'','CD-JKEG000011');
INSERT INTO `tsys_dict` (`type`,`parent_key`,`dkey`,`dvalue`,`updater`,`update_datetime`,`remark`,`system_code`) VALUES ('1','msg_status','1','已发布','admin',now(),'','CD-JKEG000011');
INSERT INTO `tsys_dict` (`type`,`parent_key`,`dkey`,`dvalue`,`updater`,`update_datetime`,`remark`,`system_code`) VALUES ('1','msg_status','2','已下架','admin',now(),'','CD-JKEG000011');

INSERT INTO `tsys_dict` (`type`,`parent_key`,`dkey`,`dvalue`,`updater`,`update_datetime`,`remark`,`system_code`) VALUES ('0',NULL,'user_kind','针对人群','admin',now(),NULL,'CD-JKEG000011');
INSERT INTO `tsys_dict` (`type`,`parent_key`,`dkey`,`dvalue`,`updater`,`update_datetime`,`remark`,`system_code`) VALUES ('1','user_kind','1','C端用户','admin',now(),NULL,'CD-JKEG000011');
INSERT INTO `tsys_dict` (`type`,`parent_key`,`dkey`,`dvalue`,`updater`,`update_datetime`,`remark`,`system_code`) VALUES ('1','user_kind','2','平台用户','admin',now(),NULL,'CD-JKEG000011');

INSERT INTO `tsys_dict` (`type`,`parent_key`,`dkey`,`dvalue`,`updater`,`update_datetime`,`remark`,`system_code`) VALUES ('0',NULL,'notice_status','公告状态','admin',now(),NULL,'CD-JKEG000011');
INSERT INTO `tsys_dict` (`type`,`parent_key`,`dkey`,`dvalue`,`updater`,`update_datetime`,`remark`,`system_code`) VALUES ('1','notice_status','0','未发布','admin',now(),NULL,'CD-JKEG000011');
INSERT INTO `tsys_dict` (`type`,`parent_key`,`dkey`,`dvalue`,`updater`,`update_datetime`,`remark`,`system_code`) VALUES ('1','notice_status','1','已发布','admin',now(),NULL,'CD-JKEG000011');
INSERT INTO `tsys_dict` (`type`,`parent_key`,`dkey`,`dvalue`,`updater`,`update_datetime`,`remark`,`system_code`) VALUES ('1','notice_status','2','已下架','admin',now(),NULL,'CD-JKEG000011');

INSERT INTO `tsys_dict` (`type`,`parent_key`,`dkey`,`dvalue`,`updater`,`update_datetime`,`remark`,`system_code`) VALUES ('0','','banner_location','banner位置','admin',now(),'','CD-JKEG000011');
INSERT INTO `tsys_dict` (`type`,`parent_key`,`dkey`,`dvalue`,`updater`,`update_datetime`,`remark`,`system_code`) VALUES ('1','banner_location','0','周边','admin',now(),'','CD-JKEG000011');
INSERT INTO `tsys_dict` (`type`,`parent_key`,`dkey`,`dvalue`,`updater`,`update_datetime`,`remark`,`system_code`) VALUES ('1','banner_location','1','商城','admin',now(),'','CD-JKEG000011');

/*
-- Query: SELECT `code`,`type`,`account`,`password`,`remark`,`company_code`,`system_code` FROM tstd_cpassword
LIMIT 0, 10000

-- Date: 2017-03-12 14:52
*/
INSERT INTO `tstd_cpassword` (`code`,`type`,`account`,`password`,`remark`,`company_code`,`system_code`) VALUES ('CD-JKEG000011-001','2','ACCESS_KEY','UbgXIy47cQL9o1git-U31EX0ETqPwOYr6BKo1e2u','','CD-JKEG000011','CD-JKEG000011');
INSERT INTO `tstd_cpassword` (`code`,`type`,`account`,`password`,`remark`,`company_code`,`system_code`) VALUES ('CD-JKEG000011-002','2','SECRET_KEY','s48WlS7yfd1tcrnGzHv8Bnj-A31KA9J2DlJJy_03','','CD-JKEG000011','CD-JKEG000011');
INSERT INTO `tstd_cpassword` (`code`,`type`,`account`,`password`,`remark`,`company_code`,`system_code`) VALUES ('CD-JKEG000011-003','2','bucket','jkeg','','CD-JKEG000011','CD-JKEG000011');