insert into `tbh_account` (`account_number`, `user_id`, `real_name`, `type`, `status`, `currency`, `amount`, `frozen_amount`, `create_datetime`, `last_order`) values('AC201808061227055615381','U201807190240142717064','wl','B','0','TX_CNY','600','0',NOW(),'AJ201808131937483351096');
insert into `tbh_account` (`account_number`, `user_id`, `real_name`, `type`, `status`, `currency`, `amount`, `frozen_amount`, `create_datetime`, `last_order`) values('AC201808061227165161188','U201808061035145127291',NULL,'B','0','TX_CNY','30000','0',NOW(),NULL);
insert into `tbh_account` (`account_number`, `user_id`, `real_name`, `type`, `status`, `currency`, `amount`, `frozen_amount`, `create_datetime`, `last_order`) values('AC201808061227165179148','U201808061227055635738',NULL,'B','0','TX_CNY','94400000','0',NOW(),NULL);
insert into `tbh_account` (`account_number`, `user_id`, `real_name`, `type`, `status`, `currency`, `amount`, `frozen_amount`, `create_datetime`, `last_order`) values('AC201808061227165197211','U201807190240142717073',NULL,'B','0','TX_CNY','276000','0',NOW(),'AJ20180813201437715179');
insert into `tbh_account` (`account_number`, `user_id`, `real_name`, `type`, `status`, `currency`, `amount`, `frozen_amount`, `create_datetime`, `last_order`) values('AC201808061227165893716','U201807190240142717064','代理','B','0','MK_CNY','0','0',NOW(),NULL);
insert into `tbh_account` (`account_number`, `user_id`, `real_name`, `type`, `status`, `currency`, `amount`, `frozen_amount`, `create_datetime`, `last_order`) values('AC201808061227168643248','U201808061035145127291',NULL,'B','0','MK_CNY','0','0',NOW(),NULL);
insert into `tbh_account` (`account_number`, `user_id`, `real_name`, `type`, `status`, `currency`, `amount`, `frozen_amount`, `create_datetime`, `last_order`) values('AC201808061227168649892','U201808061227055635738',NULL,'B','0','MK_CNY','0','0',NOW(),NULL);
insert into `tbh_account` (`account_number`, `user_id`, `real_name`, `type`, `status`, `currency`, `amount`, `frozen_amount`, `create_datetime`, `last_order`) values('AC201808061227168697514','U201807190240142717073',NULL,'B','0','MK_CNY','0','0',NOW(),NULL);
insert into `tbh_account` (`account_number`, `user_id`, `real_name`, `type`, `status`, `currency`, `amount`, `frozen_amount`, `create_datetime`, `last_order`) values('CD-CBH000020','SYS_USER_BH','公司','P','0','TX_CNY','94277000','0',NOW(),'AJ201808140002383003224');



insert into `tbh_address` (`code`, `user_id`, `receiver`, `mobile`, `province`, `city`, `area`, `address`, `is_default`) values('AD201807141629477704946','U201807172335042842053','宁亚超','18713582529','安徽省','安庆市','枞阳县','测试','1');
insert into `tbh_address` (`code`, `user_id`, `receiver`, `mobile`, `province`, `city`, `area`, `address`, `is_default`) values('AD20180716130401100979','U201807190240142717073','ä¸ºäºæ','18868824532','province','city','area','dizhi','1');
insert into `tbh_address` (`code`, `user_id`, `receiver`, `mobile`, `province`, `city`, `area`, `address`, `is_default`) values('AD201807161337346037922','U201807190240142717073','ä¸ºäºæ','15268368371','province','city','area','dizhi','1');
insert into `tbh_address` (`code`, `user_id`, `receiver`, `mobile`, `province`, `city`, `area`, `address`, `is_default`) values('AD201807161341354583620','U201807191732174398650','ä¸ºäºæ','15268368375','province','city','area','dizhi','1');
insert into `tbh_address` (`code`, `user_id`, `receiver`, `mobile`, `province`, `city`, `area`, `address`, `is_default`) values('AD201807161506539797737','U201807190240142717073','ä¸ºäºæ','15268368377','province','city','area','dizhi','1');
insert into `tbh_address` (`code`, `user_id`, `receiver`, `mobile`, `province`, `city`, `area`, `address`, `is_default`) values('AD201807171606040654211','U201807190240142717073','ä¸ºäºæ','15268368377','province','city','area','dizhi','1');
insert into `tbh_address` (`code`, `user_id`, `receiver`, `mobile`, `province`, `city`, `area`, `address`, `is_default`) values('AD201807172317457064435','U201807172317138387307','宁亚超','18713582529','安徽省','安庆市','枞阳县','测试','1');
insert into `tbh_address` (`code`, `user_id`, `receiver`, `mobile`, `province`, `city`, `area`, `address`, `is_default`) values('AD201807181144225903659','U201807171405128051197','宁亚超','18713582529','安徽省','安庆市','枞阳县','测试','1');
insert into `tbh_address` (`code`, `user_id`, `receiver`, `mobile`, `province`, `city`, `area`, `address`, `is_default`) values('AD201807190240509977223','U201807190240142717073','宁亚超','18713582529','安徽省','安庆市','枞阳县','测试','1');
insert into `tbh_address` (`code`, `user_id`, `receiver`, `mobile`, `province`, `city`, `area`, `address`, `is_default`) values('AD201807191036525669077','U201807190240142717064','ma','13811223436','mo','stl','US','12057 clarendon ave','1');
insert into `tbh_address` (`code`, `user_id`, `receiver`, `mobile`, `province`, `city`, `area`, `address`, `is_default`) values('AD201807191515192033247','U20180719024014272018','ma','13912211223','mo','stl','US','12057 clarendon ave','1');
insert into `tbh_address` (`code`, `user_id`, `receiver`, `mobile`, `province`, `city`, `area`, `address`, `is_default`) values('AD201807191519190431849','U20180719024014272018','ma','13912211228','mo','stl','US','12057 clarendon ave','1');
insert into `tbh_address` (`code`, `user_id`, `receiver`, `mobile`, `province`, `city`, `area`, `address`, `is_default`) values('AD201807191519421532776','U20180719024014272018','ma','13912211228','mo','stl','US','12057 clarendon ave','1');
insert into `tbh_address` (`code`, `user_id`, `receiver`, `mobile`, `province`, `city`, `area`, `address`, `is_default`) values('AD201807191526417032406','U20180719024014272018','ma','13957886767','mo','stl','US','12057 clarendon ave','1');
insert into `tbh_address` (`code`, `user_id`, `receiver`, `mobile`, `province`, `city`, `area`, `address`, `is_default`) values('AD201807191610049179316','U201807191250151547786','测试','15858232242','安徽省','安庆市','枞阳县','测试','1');
insert into `tbh_address` (`code`, `user_id`, `receiver`, `mobile`, `province`, `city`, `area`, `address`, `is_default`) values('AD201808200202132586508','U201808200107499447232','测试2','15855232245','安徽省','安庆市','枞阳县','测试','1');
insert into `tbh_address` (`code`, `user_id`, `receiver`, `mobile`, `province`, `city`, `area`, `address`, `is_default`) values('AD201808201934034688993','U201808201932497118870','在','15678542256','安徽省','安庆市','枞阳县','这样','1');
insert into `tbh_address` (`code`, `user_id`, `receiver`, `mobile`, `province`, `city`, `area`, `address`, `is_default`) values('AD201808202119382599577','U201808202055592958774','宁亚超','18713582529','安徽省','安庆市','枞阳县','测试','1');



insert into `tbh_agent` (`user_id`, `from_user_id`, `mobile`, `wx_id`, `photo`, `nickname`, `trade_pwd`, `trade_pwd_strength`, `level`, `referrer`, `introducer`, `high_user_id`, `team_name`, `id_kind`, `id_no`, `id_hand`, `real_name`, `status`, `manager`, `union_id`, `h5_open_id`, `app_open_id`, `address`, `province`, `city`, `area`, `create_datetime`, `updater`, `update_datetime`, `approver`, `approve_name`, `approve_datetime`, `impower_datetime`, `last_agent_log`, `remark`) values('U201807190240142717064','U201807190240142717073','15256667889','12',NULL,'晚来天欲雪',NULL,NULL,'1','U201807190240142717073','U201807190240142717073','U201808061035145127291','teanName1',NULL,NULL,NULL,NULL,NULL,'USYS201800000000002',NULL,NULL,NULL,NULL,NULL,NULL,NULL,'2018-08-06 10:35:14',NULL,NOW(),'USYS201800000000002','宁','2018-08-07 11:24:12','2018-08-06 14:47:40',NULL,NULL);
insert into `tbh_agent` (`user_id`, `from_user_id`, `mobile`, `wx_id`, `photo`, `nickname`, `trade_pwd`, `trade_pwd_strength`, `level`, `referrer`, `introducer`, `high_user_id`, `team_name`, `id_kind`, `id_no`, `id_hand`, `real_name`, `status`, `manager`, `union_id`, `h5_open_id`, `app_open_id`, `address`, `province`, `city`, `area`, `create_datetime`, `updater`, `update_datetime`, `approver`, `approve_name`, `approve_datetime`, `impower_datetime`, `last_agent_log`, `remark`) values('U201807190240142717073','U201808061227055635738','15256667887','34',NULL,'晚来天欲雪',NULL,NULL,'1','U201808061035145127291','U201808061035145127291','U201808061035145127291','123',NULL,NULL,NULL,NULL,NULL,'USYS201800000000002',NULL,NULL,NULL,NULL,NULL,NULL,NULL,'2018-08-06 10:35:14',NULL,NOW(),'U201808061035145127291','宁','2018-08-07 11:24:12','2018-08-06 14:47:40',NULL,NULL);
insert into `tbh_agent` (`user_id`, `from_user_id`, `mobile`, `wx_id`, `photo`, `nickname`, `trade_pwd`, `trade_pwd_strength`, `level`, `referrer`, `introducer`, `high_user_id`, `team_name`, `id_kind`, `id_no`, `id_hand`, `real_name`, `status`, `manager`, `union_id`, `h5_open_id`, `app_open_id`, `address`, `province`, `city`, `area`, `create_datetime`, `updater`, `update_datetime`, `approver`, `approve_name`, `approve_datetime`, `impower_datetime`, `last_agent_log`, `remark`) values('U201808061035145127291','U201808061227055635738','123123','18713582529','http://thirdwx.qlogo.cn/mmopen/vi_32/GhlTicZz0xTm60SN2n0qZfyuk8IPEgC06yibiaBytY1NHm7sReroYt9hxzpL356JtyBAKGCnRpjsic5XE0Q7bmWQNQ/132','晚来天欲雪',NULL,NULL,'1','U201808061035145127291',NULL,'U201808061035145127291','123',NULL,NULL,'idKind','wxId','1','USYS201800000000002',NULL,'oMSU70qpa-Cx7c-uFVcxo2vcmzwA',NULL,'地址123','安徽省','安庆市','枞阳县',NOW(),'admin','2018-08-10 20:06:00','USYS201800000000002','公司',NOW(),NULL,'AL201808131935011513065',NULL);
insert into `tbh_agent` (`user_id`, `from_user_id`, `mobile`, `wx_id`, `photo`, `nickname`, `trade_pwd`, `trade_pwd_strength`, `level`, `referrer`, `introducer`, `high_user_id`, `team_name`, `id_kind`, `id_no`, `id_hand`, `real_name`, `status`, `manager`, `union_id`, `h5_open_id`, `app_open_id`, `address`, `province`, `city`, `area`, `create_datetime`, `updater`, `update_datetime`, `approver`, `approve_name`, `approve_datetime`, `impower_datetime`, `last_agent_log`, `remark`) values('U201808061227055635738','U201808061035145127291',NULL,'nyc','http://thirdwx.qlogo.cn/mmopen/vi_32/On69wR5up734fiat0e1GsmXSD9KhknzxcSvp8Vn6dV3iaibwCHF41XByVPPhUDQlWIdfOdchaia6vEXTE76r4XMFIA/132','测试',NULL,NULL,'1',NULL,NULL,'USYS201800000000002',NULL,NULL,NULL,'手持身份证','测试','7','USYS201800000000002',NULL,'oODls1djw2rQd8LG5B6-D9f3UedI',NULL,'地址','安徽省','安庆市','枞阳县','2018-08-06 12:27:05','admin',NOW(),'USYS201800000000002','测试','2018-08-06 20:34:46','2018-08-06 14:47:40','AL201808131942276246266','经销商管理');


insert  into `tbh_agent_log`(`code`,`type`,`apply_user`,`real_name`,`wx_id`,`mobile`,`to_user_id`,`level`,`apply_level`,`high_user_id`,`referrer`,`introducer`,`team_name`,`pay_amount`,`pay_pdf`,`province`,`city`,`area`,`address`,`status`,`apply_datetime`,`approver`,`approve_name`,`approve_datetime`,`approve_note`,`updater`,`update_datetime`,`impower_datetime`,`remark`) values ('AL201808061136220031902',NULL,'U201808061035145127291','宁','wxId','18713582529',NULL,1,1,'USYS201800000000002','U201808061035145127291','U201808061035145127291','哈哈哈哈',NULL,NULL,'省','市','地址','地址',NULL,'2018-08-06 11:36:21','USYS201800000000002','公司','2018-08-07 14:58:09',NULL,NULL,NULL,NULL,NULL),('AL201808061221064366022',NULL,'U201808061035145127291','wxId','18713582529','宁','USYS201800000000002',NULL,NULL,NULL,'U201808061035145127291',NULL,NULL,NULL,NULL,'省','市','地址','地址',NULL,'2018-08-06 11:36:21','USYS201800000000002','测试',NULL,NULL,NULL,NULL,NULL,NULL),('AL201808061521373309461',NULL,'U201808061035145127291','wxId','18713582529','宁','USYS201800000000002',NULL,NULL,NULL,'U201808061035145127291',NULL,NULL,NULL,NULL,'省','市','地址','地址',NULL,'2018-08-06 11:36:21','USYS201800000000002','测试',NULL,NULL,NULL,NULL,NULL,NULL),('AL201808071457310474186',NULL,'U201808061035145127291','宁','wxId','15256667888','U201808061227055635738',3,NULL,NULL,'U201808061035145127291','U201808061227055635738','teanName1',500,'pay.pdf','省','市','地址','地址',NULL,'2018-08-07 14:57:31','USYS201800000000002','测试',NULL,NULL,NULL,NULL,NULL,NULL),('AL201808071458391499205',NULL,'U201808061035145127291','宁','wxId','15256667888','U201808061227055635738',3,NULL,NULL,NULL,'U201808061227055635738','teanName1',500,'pay.pdf','省','市','地址','地址',NULL,'2018-08-07 14:58:39','USYS201800000000002','测试',NULL,NULL,NULL,NULL,NULL,NULL),('AL201808071459380393600',NULL,'U201808061035145127291','宁','wxId','15256667888','U201808061227055635738',3,NULL,NULL,NULL,'U201808061227055635738','teanName1',500,'pay.pdf','省','市','地址','地址',NULL,'2018-08-07 14:59:38','USYS201800000000002','测试',NULL,NULL,NULL,NULL,NULL,NULL),('AL201808071526285084368',NULL,'U201808061035145127291','宁','wxId','15256667888','U201808061227055635738',3,NULL,NULL,NULL,'U201808061227055635738','teanName1',500,'pay.pdf','省','市','地址','地址',NULL,'2018-08-07 15:26:28','USYS201800000000002','测试',NULL,NULL,NULL,NULL,NULL,NULL),('AL201808071529013155972',NULL,'U201808061035145127291','宁','wxId','15256667888','U201808061227055635738',3,NULL,NULL,NULL,'U201808061227055635738','teanName1',600,'pay.pdf','省','市','地址','地址',NULL,'2018-08-07 15:29:01','USYS201800000000002','测试',NULL,NULL,NULL,NULL,NULL,NULL),('AL201808071628369914085',NULL,'U201808061035145127291','宁','wxId','15256667888','U201808061227055635738',3,NULL,NULL,NULL,'U201808061227055635738','teanName1',600,'pay.pdf','省','市','地址','地址',NULL,'2018-08-07 16:28:36','USYS201800000000002','测试',NULL,NULL,NULL,NULL,NULL,NULL),('AL201808071631142279764',NULL,'U201808061035145127291','宁','wxId','15256667888','U201808061227055635738',3,NULL,NULL,NULL,'U201808061227055635738','teanName1',600,'pay.pdf','省','市','地址','地址',NULL,'2018-08-07 16:28:36','U201807251717006934321','商','2018-08-07 16:31:14',NULL,NULL,NULL,NULL,'1'),('AL201808071716171218295',NULL,'U201808061035145127291','宁','wxId','15256667888','U201808061227055635738',3,NULL,NULL,NULL,'U201808061227055635738','teanName1',600,'pay.pdf','省','市','地址','地址',NULL,'2018-08-07 16:28:36','U201808061227055635738','测试','2018-08-07 17:16:17',NULL,NULL,NULL,NULL,'1'),('AL201808071735399873869',NULL,'U201808061227055635738','测试','nyc','15858232242','U201807251717006934321',2,NULL,NULL,NULL,'U201807190240142717064','teanName1',1000,'pay.pdf','省','市','地址','地址',NULL,'2018-08-07 17:35:39','USYS201800000000002','公司',NULL,NULL,NULL,NULL,'2018-08-06 14:47:40',NULL),('AL201808071736176162318',NULL,'U201808061227055635738','测试','nyc','15858232242','U201807251717006934321',2,NULL,NULL,NULL,'U201807190240142717064','teanName1',1000,'pay.pdf','省','市','地址','地址',NULL,'2018-08-07 17:35:39','USYS201800000000002','公司','2018-08-07 17:36:17',NULL,NULL,NULL,'2018-08-06 14:47:40','1'),('AL201808071746371796284',NULL,'U201808061227055635738','测试','nyc','15858232242','U201807251717006934321',2,NULL,NULL,NULL,'U201807190240142717064','teanName1',1000,'pay.pdf','省','市','地址','地址',NULL,'2018-08-07 17:35:39','USYS201800000000002','公司','2018-08-07 17:46:37',NULL,NULL,NULL,'2018-08-06 14:47:40','1'),('AL201808072057480582516',NULL,'U201808061035145127291','宁','wxId','15256667888','U201808061227055635738',3,NULL,NULL,NULL,'U201808061227055635738','teanName1',600,'pay.pdf','省','市','地址','地址','3','2018-08-07 16:28:36','USYS201800000000002','公司','2018-08-07 20:57:48',NULL,NULL,NULL,NULL,'1'),('AL201808072058487685467',NULL,'U201808061035145127291','宁','wxId','15256667888','U201808061227055635738',3,NULL,NULL,NULL,'U201808061227055635738','teanName1',600,'pay.pdf','省','市','地址','地址','3','2018-08-07 16:28:36','USYS201800000000002','公司','2018-08-07 20:58:48',NULL,NULL,NULL,NULL,'1'),('AL20180807205902839106',NULL,'U201808061035145127291','宁','wxId','15256667888','U201808061227055635738',3,NULL,NULL,NULL,'U201808061227055635738','teanName1',600,'pay.pdf','省','市','地址','地址','3','2018-08-07 16:28:36','USYS201800000000002','公司','2018-08-07 20:59:02',NULL,NULL,NULL,NULL,'1'),('AL201808072059140931587',NULL,'U201808061035145127291','宁','wxId','15256667888','U201808061227055635738',3,NULL,NULL,NULL,'U201808061227055635738','teanName1',600,'pay.pdf','省','市','地址','地址','3','2018-08-07 16:28:36','USYS201800000000002','公司','2018-08-07 20:59:14',NULL,NULL,NULL,NULL,'1'),('AL201808072102017855089',NULL,'U201808061227055635738','测试','nyc','15858232242','U201807251717006934321',2,NULL,NULL,NULL,'U201807190240142717064','teanName1',1000,'pay.pdf','省','市','地址','地址','3','2018-08-07 17:35:39','USYS201800000000002','公司','2018-08-07 21:02:01',NULL,NULL,NULL,'2018-08-06 14:47:40','1'),('AL201808072102127986962',NULL,'U201808061035145127291','宁','wxId','15256667888','U201808061227055635738',3,NULL,NULL,NULL,'U201808061227055635738','teanName1',600,'pay.pdf','省','市','地址','地址','3','2018-08-07 16:28:36','USYS201800000000002','公司','2018-08-07 21:02:12',NULL,NULL,NULL,NULL,'1'),('AL201808072104193601265',NULL,'U201808061035145127291','wxId','18713582529','宁','USYS201800000000002',NULL,NULL,NULL,NULL,NULL,NULL,NULL,NULL,'省','市','地址','地址',NULL,'2018-08-06 11:36:21',NULL,NULL,NULL,NULL,NULL,NULL,NULL,NULL),('AL201808072106378002437',NULL,'U201808061035145127291','wxId','18713582529','宁','USYS201800000000002',NULL,NULL,NULL,NULL,NULL,NULL,NULL,NULL,'省','市','地址','地址',NULL,'2018-08-06 11:36:21',NULL,NULL,NULL,NULL,NULL,NULL,NULL,NULL),('AL201808072107261067283',NULL,'U201808061227055635738','测试','nyc','15858232242','U201807251717006934321',2,NULL,NULL,NULL,'U201807190240142717064','teanName1',1000,'pay.pdf','省','市','地址','地址','3','2018-08-07 17:35:39','USYS201800000000002','公司','2018-08-07 21:07:26',NULL,NULL,NULL,'2018-08-06 14:47:40','1'),('AL201808081758365264848',NULL,'U201808061035145127291','wxId','18713582529','宁','USYS201800000000002',NULL,NULL,NULL,NULL,NULL,NULL,NULL,NULL,'省','市','地址','地址',NULL,'2018-08-06 11:36:21',NULL,NULL,NULL,NULL,NULL,NULL,NULL,NULL),('AL20180808175846123144',NULL,'U201808061035145127291','wxId','18713582529','宁','USYS201800000000002',NULL,NULL,NULL,NULL,NULL,NULL,NULL,NULL,'省','市','地址','地址',NULL,'2018-08-06 11:36:21',NULL,NULL,NULL,NULL,NULL,NULL,NULL,NULL),('AL201808081800263673967',NULL,'U201808061035145127291','wxId','18713582529','宁','USYS201800000000002',NULL,NULL,NULL,NULL,NULL,NULL,NULL,NULL,'省','市','地址','地址',NULL,'2018-08-06 11:36:21',NULL,NULL,NULL,NULL,NULL,NULL,NULL,NULL),('AL201808081800530475178',NULL,'U201808061035145127291','wxId','18713582529','宁','USYS201800000000002',NULL,NULL,NULL,NULL,NULL,NULL,NULL,NULL,'省','市','地址','地址',NULL,'2018-08-06 11:36:21',NULL,NULL,NULL,NULL,NULL,NULL,NULL,NULL),('AL201808081807111483474',NULL,'U201808061227055635738','测试','nyc','15858232242','U201807251717006934321',2,NULL,NULL,NULL,'U201807190240142717064','teanName1',1000,'pay.pdf','安徽省','安庆市','地址','地址','3','2018-08-07 17:35:39','USYS201800000000002','公司','2018-08-08 18:07:11',NULL,NULL,NULL,'2018-08-06 14:47:40','1'),('AL201808090940292782115',NULL,'U201808061227055635738','测试','nyc','15858232242',NULL,1,NULL,'USYS201800000000002','U201808061227055635738','U201807190240142717064','teanName1',NULL,NULL,'安徽省','安庆市','地址','地址','5',NULL,'U201808061227055635738','测试','2018-08-06 20:34:46',NULL,NULL,NULL,'2018-08-06 14:47:40',NULL),('AL201808090956562093148',NULL,'U201808061227055635738','测试','nyc','15858232242',NULL,1,NULL,'USYS201800000000002','U201808061227055635738','U201807190240142717064','teanName1',NULL,NULL,'安徽省','安庆市','地址','地址','5',NULL,'U201808061227055635738','测试','2018-08-06 20:34:46',NULL,NULL,NULL,'2018-08-06 14:47:40',NULL),('AL201808101612518154691','0','U201808061035145127291','wxId','18713582529','宁','USYS201800000000002',NULL,NULL,NULL,NULL,NULL,NULL,NULL,NULL,'省','市','地址','地址',NULL,'2018-08-06 11:36:21',NULL,NULL,NULL,NULL,NULL,NULL,NULL,NULL),('AL201808101613051399503','0','U201808061035145127291','wxId','18713582529','宁','USYS201800000000002',NULL,NULL,NULL,NULL,NULL,NULL,NULL,NULL,'省','市','地址','地址',NULL,'2018-08-06 11:36:21',NULL,NULL,NULL,NULL,NULL,NULL,NULL,NULL),('AL201808101646147496480','0','U201808061035145127291','wxId','18713582529','宁','USYS201800000000002',NULL,NULL,NULL,NULL,NULL,NULL,NULL,NULL,'省','市','地址','地址',NULL,'2018-08-06 11:36:21',NULL,NULL,NULL,NULL,NULL,NULL,NULL,NULL),('AL20180810164648772499','0','U201808061035145127291','wxId','18713582529','宁','USYS201800000000002',NULL,NULL,NULL,NULL,NULL,NULL,NULL,NULL,'省','市','地址','地址',NULL,'2018-08-06 11:36:21',NULL,NULL,NULL,NULL,NULL,NULL,NULL,NULL),('AL20180810164711942993','0','U201808061035145127291','wxId','18713582529','宁','USYS201800000000002',NULL,NULL,NULL,NULL,NULL,NULL,NULL,NULL,'省','市','地址','地址',NULL,'2018-08-06 11:36:21',NULL,NULL,NULL,NULL,NULL,NULL,NULL,NULL),('AL201808101754340531654','2','U201808061227055635738','测试','nyc','15858232242','U201807251717006934321',2,NULL,NULL,NULL,'U201807190240142717064','teanName1',1000,'pay.pdf','安徽省','安庆市','地址','地址','6','2018-08-07 17:35:39','USYS201800000000002','公司','2018-08-10 17:54:34',NULL,NULL,NULL,'2018-08-06 14:47:40','1'),('AL201808101949544761117',NULL,'U201808061035145127291','宁','wxId','15256667888',NULL,2,NULL,'U201808061035145127291','U201808061227055635738',NULL,'teanName1',NULL,NULL,'省','市','地址','地址','1',NULL,'U201808061035145127291','宁','2018-08-10 16:47:11',NULL,NULL,NULL,NULL,NULL),('AL201808102003161396508',NULL,'U201808061035145127291','宁','wxId','15256667888',NULL,2,NULL,'U201808061035145127291','U201808061035145127291',NULL,'teanName1',NULL,NULL,'省','市','地址','地址','1',NULL,'U201808061035145127291','宁','2018-08-10 16:47:11',NULL,NULL,NULL,NULL,NULL),('AL201808111316234702322','2','U201808061227055635738','测试','nyc','15858232242','U201807251717006934321',2,NULL,NULL,NULL,'U201807190240142717064','teanName1',1000,'pay.pdf','安徽省','安庆市','地址','地址','15','2018-08-07 17:35:39','USYS201800000000002','公司','2018-08-11 13:16:23',NULL,NULL,NULL,'2018-08-06 14:47:40','1'),('AL20180813125303204350','0','U201808061035145127291','wxId','18713582529','宁','USYS201800000000002',NULL,NULL,NULL,NULL,NULL,NULL,NULL,NULL,'省','市','地址','地址',NULL,'2018-08-06 11:36:21',NULL,NULL,NULL,NULL,NULL,NULL,NULL,NULL),('AL201808131253208129744','0','U201808061035145127291','wxId','18713582529','宁','USYS201800000000002',NULL,NULL,NULL,NULL,NULL,NULL,NULL,NULL,'省','市','地址','地址',NULL,'2018-08-06 11:36:21',NULL,NULL,NULL,NULL,NULL,NULL,NULL,NULL),('AL201808131926585629634','0','U201808061035145127291','wxId','18713582529','宁','USYS201800000000002',NULL,NULL,NULL,NULL,NULL,NULL,NULL,NULL,'省','市','地址','地址',NULL,'2018-08-06 11:36:21',NULL,NULL,NULL,NULL,NULL,NULL,NULL,NULL),('AL201808131934291134817','0','U201808061035145127291','wxId','18713582529','宁','USYS201800000000002',NULL,NULL,NULL,NULL,NULL,NULL,NULL,NULL,'省','市','地址','地址',NULL,'2018-08-06 11:36:21',NULL,NULL,NULL,NULL,NULL,NULL,NULL,NULL),('AL201808131935011513065','0','U201808061035145127291','wxId','18713582529','宁','USYS201800000000002',NULL,NULL,NULL,NULL,NULL,NULL,NULL,NULL,'省','市','地址','地址',NULL,'2018-08-06 11:36:21',NULL,NULL,NULL,NULL,NULL,NULL,NULL,NULL),('AL201808131942276246266',NULL,'U201808061227055635738','测试','nyc','15858232242',NULL,1,NULL,'USYS201800000000002','U201808061227055635738','U201807190240142717064','teanName1',NULL,NULL,'安徽省','安庆市','地址','地址','5',NULL,'USYS201800000000002','测试','2018-08-06 20:34:46',NULL,NULL,NULL,'2018-08-06 14:47:40',NULL),('AL201808131942510844158',NULL,'U201808061227055635738','测试','nyc','15858232242',NULL,1,NULL,'USYS201800000000002','U201808061227055635738','U201807190240142717064','teanName1',NULL,NULL,'安徽省','安庆市','地址','地址','5',NULL,'USYS201800000000002','测试','2018-08-06 20:34:46',NULL,NULL,NULL,'2018-08-06 14:47:40',NULL),('AL201808131945012898406',NULL,'U201808061227055635738','测试','nyc','15858232242',NULL,1,NULL,'USYS201800000000002','U201808061227055635738','U201807190240142717064','teanName1',NULL,NULL,'安徽省','安庆市','地址','地址','7',NULL,'USYS201800000000002','测试','2018-08-06 20:34:46',NULL,NULL,NULL,'2018-08-06 14:47:40','经销商管理');

/*Data for the table `tbh_agent_report` */

insert  into `tbh_agent_report`(`user_id`,`real_name`,`mobile`,`wxId`,`level`,`user_referee`,`introducer`,`high_user_id`,`team_name`,`manager`,`province`,`city`,`area`,`address`,`impower_datetime`,`send_award`,`intr_award`,`refree_award`,`profit_award`) values ('U201807190240142717064','宁亚超','18713582529','nyc0301',1,NULL,'','USYS201800000000002',NULL,NULL,'安徽省','安庆市','枞阳县','测试','2018-07-18 01:17:59',0,0,0,0);

/*Data for the table `tbh_bankcard` */

insert  into `tbh_bankcard`(`code`,`bankcard_number`,`bank_code`,`bank_name`,`subbranch`,`bind_mobile`,`user_id`,`real_name`,`type`,`status`,`currency`,`amount`,`frozen_amount`,`md5`,`create_datetime`,`remark`,`last_order`) values ('BK2018081521246521','3123134534','ZSYH','招商银行','科创支行','1213213','U201808061227055635738','宁','0','0','0',1000,1000,NULL,'2018-08-13 21:06:14','11111',NULL);

/*Data for the table `tbh_ch_award` */

insert  into `tbh_ch_award`(`code`,`level`,`start_amount`,`end_amount`,`percent`,`updater`,`update_datetime`,`remark`) values ('AI201808051724075454364','2',10,1000000,'0.20','updater','2018-08-05 17:52:13',NULL);

/*Data for the table `tbh_charge` */

insert  into `tbh_charge`(`code`,`pay_group`,`ref_no`,`account_number`,`amount`,`account_name`,`type`,`currency`,`charge_pdf`,`channel_type`,`biz_note`,`status`,`apply_user`,`level`,`apply_datetime`,`pay_user`,`pay_note`,`pay_datetime`,`system_code`,`channel_order`,`biz_type`,`company_code`) values ('CO20180718114522952637',NULL,NULL,'A201807181144488732187',10000000,'宁亚超','B','MK_CNY','162d333f-ff78-435d-875d-1d5d806118f1.jpg','90','充值','2','U201808061035145127291',1,'2018-07-18 11:45:22','USYS201800000000002','8','2018-07-18 11:45:34',NULL,NULL,'AJ_CZ',NULL),('CO201807190244289282161',NULL,NULL,'A201807190244059951338',10000000,'宁亚超','B','MK_CNY','80967b29-93e1-47b0-b2d6-8d9f5b48c5ae.png','90','充值','2','U201808061035145127291',1,'2018-07-19 02:44:28','USYS201800000000002','8','2018-07-19 02:44:41',NULL,NULL,'AJ_CZ',NULL),('CO201807191025035088317',NULL,NULL,'A201807181144488732187',10000000,'宁亚超','B','MK_CNY','38b0c546-32d0-4a5e-809d-a50260fe0146.jpg','90','充值','2','U201808061035145127291',1,'2018-07-19 10:25:03','USYS201800000000002','8','2018-07-19 10:25:23',NULL,NULL,'AJ_CZ',NULL),('CO201807191612325779645',NULL,NULL,'A20180719161206548297',22000,'测试','B','MK_CNY','2899d07c-a868-441b-9794-f6b6190dc469.jpg','90','充值','2','U201808061035145127291',1,'2018-07-19 16:12:32','USYS201800000000002',NULL,'2018-07-19 16:13:00',NULL,NULL,'AJ_CZ',NULL),('CO201807191847064904048',NULL,NULL,'A201807190244059951338',20000000,'宁亚超','B','MK_CNY','8e989a7c-1d4e-4b45-aabf-7740d74dac7c.jpeg','90','充值','6','U201808061035145127291',1,'2018-07-19 18:47:06','USYS201800000000002','111','2018-07-19 18:48:33',NULL,NULL,'AJ_CZ',NULL),('CO201808200016011155650',NULL,NULL,'A20180719161206548297',3600000,'测试','B','MK_CNY','04b552f1-0d27-4099-9a53-41e5a3ff875c.png','90','充值','6','U201808061035145127291',1,'2018-08-20 00:16:01','USYS201800000000002',NULL,'2018-08-20 00:16:21',NULL,NULL,'AJ_CZ',NULL),('CO201808200203280789933',NULL,NULL,'A201808200202551045900',3840000,'测试2','B','MK_CNY','dd67623d-1400-490a-84c7-e0e3f19836f4.jpg','90','充值','6','U201808061035145127291',1,'2018-08-20 02:03:28','U201807191250151547786',NULL,'2018-08-20 02:03:35',NULL,NULL,'AJ_CZ',NULL),('CO201808202122360709130',NULL,NULL,'A201808202122192801574',10000000,'宁亚超','B','MK_CNY','7d639014-212b-4eb8-a3a0-c94be6ddfa03.jpg','90','充值','6','U201808061035145127291',1,'2018-08-20 21:22:36','USYS201800000000002','8','2018-08-20 21:22:52',NULL,NULL,'AJ_CZ',NULL),('CO201808210030519538396',NULL,NULL,'A201808202122192801574',5000000,'宁亚超','B','MK_CNY','307e9bb7-68ba-4e6a-88dd-f91946d7e8b6.jpg','90','充值','4','U201808061035145127291',1,'2018-08-21 00:30:51',NULL,NULL,NULL,NULL,NULL,'AJ_CZ',NULL);

/*Data for the table `tbh_cuser` */

insert  into `tbh_cuser`(`user_id`,`wx_id`,`union_id`,`h5_open_id`,`app_open_id`,`photo`,`nickname`,`create_datetime`,`status`,`updater`) values ('U201807190240142717073','123123','123123','123123','123123','http://thirdwx.qlogo.cn/mmopen/vi_32/Q0j4TwGTfTKUqGVicas2qUgx55ib0BfQvMaKEMutkAtwqjUfbxg4CY2G9aasWfFicnrpgDgufAibPvRorN7FO6u6QA/132','orange','2018-08-11 18:41:20','2',NULL);

/*Data for the table `tbh_exchange_order` */

insert  into `tbh_exchange_order`(`code`,`product_code`,`product_name`,`specs_code`,`specs_name`,`quantity`,`price`,`amount`,`change_product_code`,`change_product_name`,`change_specs_code`,`change_specs_name`,`change_price`,`can_change_quantity`,`apply_user`,`real_name`,`level`,`apply_datetime`,`apply_note`,`status`,`approver`,`approve_datetime`,`approve_note`) values ('EX1311511656156','P201808081144414908044','产品名字','PS201808091632470908819','规格名字',1,10000,10000,'P201808081144414908044','置换产品名称','PS20180808114441495855','置换规格名称',10000,1,'U201808061035145127291','申请人',1,'2018-08-13 15:32:25',NULL,'0','USYS201800000000002','2018-08-13 21:51:38','11');

/*Data for the table `tbh_in_order` */

insert  into `tbh_in_order`(`code`,`product_code`,`product_name`,`specs_code`,`specs_name`,`pic`,`quantity`,`price`,`to_user_id`,`to_user_name`,`level`,`amount`,`status`,`apply_user`,`real_name`,`team_name`,`team_leader`,`pay_type`,`pay_group`,`pay_amount`,`pay_datetime`,`pay_code`,`apply_datetime`,`apply_note`,`approver`,`approve_datetime`,`remark`) values ('OA201808081415186572338','P20180808113950061293','12','PS201808081139500657193','123','b2_1533699412265.jpg',1,12000,'U201808061227055635738','U201808061227055635738',2,10000,'0','U201808061035145127291','宁','测试',NULL,NULL,NULL,NULL,NULL,NULL,'2018-08-08 14:15:18',NULL,NULL,NULL,NULL);

/*Data for the table `tbh_inner_order` */

insert  into `tbh_inner_order`(`code`,`product_code`,`product_name`,`pic`,`price`,`quantity`,`apply_user`,`level`,`team_name`,`apply_note`,`apply_datetime`,`amount`,`yunfei`,`status`,`pay_type`,`pay_group`,`pay_code`,`pay_amount`,`pay_datetime`,`signer`,`mobile`,`province`,`city`,`area`,`address`,`deliver`,`delive_datetime`,`logistics_code`,`logistics_company`,`pdf`,`approver`,`approve_datetime`,`approve_note`,`updater`,`update_datetime`,`remark`) values ('IO12316513132','12','13','14',15,16,'17',18,'1','1','2018-07-02 14:44:44',7,7,'2','1','1','1',1,'2018-08-06 14:44:59','1','1','1','1','1','1','1','2018-08-06 14:45:15','1','1','1','O12316513132',NULL,NULL,'1','2018-08-05 14:45:24','1');

/*Data for the table `tbh_inner_product` */

insert  into `tbh_inner_product`(`code`,`is_free`,`product_name`,`pic`,`adv_pic`,`slogan`,`price`,`quantity`,`order_no`,`status`,`create_datetime`,`updater`,`update_datetime`,`remark`) values ('IP201806111957543199845','1','测试','1234_1528718266861.jpg','u=3059607941,393199546&fm=27&gp=0_1528718255986.jpg','slogan',100000,100,3,'2','2018-06-11 19:57:54','admin','2018-06-13 22:44:11',''),('IP201808131707117608944',NULL,NULL,'a9_a9_1534150819051.jpg','b2_b2_1534150815363.jpg','123',2000,NULL,NULL,'1','2018-08-13 17:07:11','admin',NULL,''),('IP201808131708293881905',NULL,NULL,'a9_a9_1534150819051.jpg','b2_b2_1534150815363.jpg','123',2000,NULL,NULL,'1','2018-08-13 17:08:29','admin',NULL,''),('IP201808160253148047353',NULL,NULL,'a9_1534150819051.jpg','b2_1534150815363.jpg','123',2000,NULL,NULL,'1','2018-08-16 02:53:14','admin',NULL,'');

/*Data for the table `tbh_inner_specs` */

insert  into `tbh_inner_specs`(`code`,`inner_product_code`,`name`,`number`,`weight`,`price`,`ref_code`,`stock_number`,`is_single`,`single_number`) values ('IN201808131708294284245','IP201808131708293881905','1',2,3,4000,NULL,NULL,NULL,0),('IS201808011946498223848','IP201806111957543199845','test3',111,11,11,NULL,NULL,'是',1),('IS201808011947163947716','IP201806111957543199845','test3',33,33,33,'3',NULL,'是',3),('IS201808012211567522724','IP201806111957543199845','test1',11,11,11,'1',NULL,'是',3),('IS201808020947216296692','IP201806111957543199845','test1',11,11,33,'1',NULL,'是',4),('IS201808020948170848227','IP201806111957543199845','test1',11,11,11,'1',NULL,'是',5),('IS201808021522411403210','100','demo1',10,10,10,NULL,NULL,'0',0),('IS201808021918522403732','100','iphone手机',10,10,10,NULL,NULL,'0',0),('IS201808031335111882571','111','Dell电脑',11,11,11,'1',NULL,'1',1),('IS201808052245252586886','111','test1',11,11,11,'1',NULL,'1',1);

/*Data for the table `tbh_jour` */

insert  into `tbh_jour`(`code`,`ref_no`,`pay_group`,`channel_type`,`channel_order`,`account_number`,`trans_amount`,`user_id`,`real_name`,`type`,`currency`,`biz_type`,`biz_note`,`pre_amount`,`post_amount`,`status`,`remark`,`create_datetime`) values ('AJ201807191513427559207','U201808061035145127291','OA201807191513427409032','0',NULL,'CD-CBH000020',4000000,'SYS_USER_BH','公司','B','TX_CNY','AJ_JSJL','购买云仓',54000000,58000000,'1','记得对账哦','2018-07-19 15:13:42'),('AJ201807191515089603573','OA201808081415186572338','OA20180719151508959391','0',NULL,'A201807181144488732187',-4000000,'U201807171405128051197','宁亚超','B','TX_CNY','AJ_TJJL_OUT','购买云仓',4000000,0,'1','记得对账哦','2018-07-19 15:15:08'),('AJ201807191515089687855','OO201808091101540202830',NULL,'0',NULL,'CD-CBH000020',-208000,'SYS_USER_BH','公司','B','TX_CNY','AJ_CHJL_OUT','出货奖励',58000000,57792000,'1','记得对账哦','2018-07-19 15:15:08'),('AJ201808131937483351096','U201808061035145127291',NULL,'0',NULL,'AC11321321321313',600,'U201808061035145127291','wl','B','MK_CNY','AJ_QKYE','升级清空余额',0,600,'1','记得对账哦','2018-08-13 19:37:48'),('AJ201808132009314884154','U201807190240142717073',NULL,'0',NULL,'AC11321321321315',123000,'U201807190240142717073',NULL,'B','MK_CNY','AJ_CZ','充值',30000,153000,'1','记得对账哦','2018-08-13 20:09:31'),('AJ20180813201437715179','U201807190240142717073',NULL,'0',NULL,'AC11321321321315',123000,'U201807190240142717073',NULL,'B','MK_CNY','AJ_CZ','充值',153000,276000,'1','记得对账哦','2018-08-13 20:14:37'),('AJ201808140002383003224','SYS_USER_BH',NULL,'0',NULL,'CD-CBH000020',-123000,'SYS_USER_BH','公司','P','TX_CNY','AJ_KK','扣款',94400000,94277000,'1','记得对账哦','2018-08-14 00:02:38');

/*Data for the table `tbh_js_award` */

insert  into `tbh_js_award`(`code`,`level`,`intro_level`,`percent`,`updater`,`update_datetime`,`remark`) values ('IT201808051647174834424',5,4,'10.00','123','2018-08-05 17:08:51','211');

/*Data for the table `tbh_product` */

insert  into `tbh_product`(`code`,`is_free`,`name`,`ad_price`,`price`,`vir_number`,`real_number`,`order_no`,`pic`,`adv_pic`,`slogan`,`is_total`,`status`,`create_datetime`,`updater`,`update_datetime`,`remark`) values ('P20180808113950061293',NULL,'12',123000,121000,1,2,NULL,'b1_1533699416351.jpg','b2_1533699412265.jpg','请求','0','1','2018-08-08 11:39:50','admin','2018-08-09 15:41:12',NULL),('P201808081144414908044','0','测试产品',1000,1000,-1,1,1,'a6_1533699664721.jpg','b1_1533699660241.jpg','1','0','1','2018-08-08 11:44:41','admin','2018-08-09 16:32:47',NULL),('P201808081703174403262','1','321',12000,12000,10,12,1,'b3_1533718870268.jpg','b2_1533718863933.jpg','123','1','3','2018-08-08 17:03:17','admin','2018-08-11 20:37:33',NULL),('P201808091804289554786',NULL,'银行卡',50000,40000,100,100,NULL,'a9_1533809025592.jpg','b4_1533809016582.jpg','ok','1','1','2018-08-09 18:04:28','admin','2018-08-09 18:04:28',NULL);

/*Data for the table `tbh_product_report` */

insert  into `tbh_product_report`(`code`,`team_name`,`team_leader`,`product_code`,`product_name`,`specs_code`,`specs_name`,`quantity`) values ('PR2018081546185111115',NULL,NULL,'P201808081144414908044','产品','PS20180808114441495855','规格1',50),('PR2018081546185113151','哈哈哈',NULL,'P201808081144414908044','产品','PS201808091632470908819','规格2',1000);

/*Data for the table `tbh_sj_form` */

insert  into `tbh_sj_form`(`user_id`,`real_name`,`id_kind`,`id_no`,`id_hand`,`team_name`,`to_user_id`,`level`,`apply_level`,`re_number`,`pay_amount`,`pay_pdf`,`approver`,`approve_name`,`apply_datetime`,`approve_datetime`,`status`,`remark`) values ('U201807190240142717064',NULL,NULL,NULL,NULL,NULL,NULL,2,'2',NULL,300,NULL,'U201808061035145127291',NULL,'2018-07-19 13:57:30',NULL,'14',NULL),('U201807190240142717073',NULL,NULL,NULL,NULL,NULL,NULL,2,'2',NULL,NULL,NULL,'U201808061035145127291',NULL,NULL,'2018-07-17 16:29:55','7',NULL),('U201808061035145127291','宁',NULL,NULL,NULL,'teanName1','U201808061227055635738',3,'2',NULL,600,'pay.pdf','USYS201800000000002','公司','2018-08-07 16:28:36','2018-08-07 21:02:12','3','1'),('U201808061227055635738','测试',NULL,'330483199505100067',NULL,'teanName1','U201807251717006934321',2,'1',NULL,1000,'pay.pdf','USYS201800000000002','公司','2018-08-07 17:35:39','2018-08-11 13:16:23','15','1');

/*Data for the table `tbh_specs` */

insert  into `tbh_specs`(`code`,`product_code`,`is_single`,`single_number`,`ref_code`,`name`,`number`,`weight`,`is_sq_order`,`is_sj_order`,`is_normal_order`,`stock_number`) values ('PS201808081139500657193','P20180808113950061293','1',0,'PS20180808114441495855','123',12,12,NULL,NULL,'0',111),('PS20180808114441495855','P201808081144414908044',NULL,0,NULL,'12',12,12,NULL,NULL,'0',1111),('PS201808091632470908819','P201808081144414908044',NULL,0,NULL,'66',66,66,NULL,NULL,'1',1111),('PS201808091804289606078','P201808091804289554786',NULL,0,NULL,'银行卡',40,12,'1','1','0',1111);

/*Data for the table `tbh_specs_log` */

insert  into `tbh_specs_log`(`code`,`product_code`,`product_name`,`specs_code`,`specs_name`,`type`,`tran_count`,`pre_count`,`post_count`,`updater`,`update_datetime`,`remark`) values ('PL201807162216291824799','P201806291747152483497','产品名字','PS201808081139500657193','规格名字','2',5,2147383810,2147383815,NULL,'2018-07-16 22:16:29',NULL),('PL201807171506018865487','P201806291747152483497','产品名字','PS20180808114441495855','规格名字','2',88,99998592,99998680,NULL,'2018-07-17 15:06:01',NULL);

/*Data for the table `tbh_sq_form` */

insert  into `tbh_sq_form`(`user_id`,`wx_id`,`apply_level`,`real_name`,`to_user_id`,`address`,`area`,`mobile`,`city`,`province`,`id_hand`,`id_kind`,`id_no`,`introducer`,`referrer`,`status`,`apply_datetime`,`approver`,`approve_name`,`approve_datetime`,`impower_datetime`,`remark`) values ('U201808061035145127291','wxId','1','宁',NULL,'地址','区','18713582529','市','省','idKind',NULL,'130523199311150412',NULL,NULL,'9','2018-08-07 00:42:23',NULL,NULL,NULL,NULL,NULL),('U201808061227055635738','wxId','1','真实姓名',NULL,'地址','区','15858232245','市','省','手持身份证',NULL,'130523199311150412',NULL,NULL,'0',NULL,NULL,NULL,NULL,NULL,NULL);

/*Data for the table `tbh_tj_award` */

insert  into `tbh_tj_award`(`code`,`product_code`,`level`,`value1`,`value2`,`value3`) values ('AW201808081139500896945','P20180808113950061293','1','3.000','2.000','1.000'),('AW201808081139500912340','P20180808113950061293','3','33.000','22.000','11.000'),('AW201808081139500925395','P20180808113950061293','2','32.000','21.000','10.000'),('AW2018080811395009686','P20180808113950061293','4','123.000','12.000','1.000'),('AW201808081139500979422','P20180808113950061293','5','32.000','12.000','1.000'),('AW201808081144415225106','P201808081144414908044','1','1.000','1.000','1.000'),('AW201808081144415227538','P201808081144414908044','3','1.000','1.000','1.000'),('AW201808081144415235126','P201808081144414908044','2','1.000','1.000','1.000'),('AW201808081144415235560','P201808081144414908044','4','1.000','1.000','1.000'),('AW201808081144415242189','P201808081144414908044','5','1.000','1.000','1.000'),('AW201808081703174582888','P201808081703174403262','1','123.000','123.000','123.000'),('AW201808081703174592188','P201808081703174403262','3','12.000','12.000','12.000'),('AW201808081703174597121','P201808081703174403262','2','13.000','13.000','13.000'),('AW201808081703174601714','P201808081703174403262','4','2.000','2.000','2.000'),('AW201808081703174604940','P201808081703174403262','5','1.000','1.000','1.000'),('AW20180809180428981562','P201808091804289554786','1','66.000','66.000','66.000'),('AW201808091804289826823','P201808091804289554786','3','55.000','55.000','55.000'),('AW201808091804289834838','P201808091804289554786','2','44.000','44.000','44.000'),('AW201808091804289849582','P201808091804289554786','4','33.000','33.000','33.000'),('AW201808091804289853810','P201808091804289554786','5','22.000','22.000','22.000');

/*Data for the table `tbh_withdraw` */

insert  into `tbh_withdraw`(`code`,`account_number`,`account_name`,`type`,`amount`,`fee`,`channel_type`,`channel_bank`,`channel_order`,`pay_card_info`,`pay_card_no`,`status`,`apply_user`,`apply_note`,`apply_datetime`,`approve_user`,`approve_note`,`approve_datetime`,`pay_user`,`pay_note`,`pay_group`,`pay_code`,`pay_datetime`) values ('AL1213212313211','AC11321321321315','哈哈','1',10000,10000,NULL,'ICBC',NULL,NULL,NULL,'0','U201808061035145127291','111','2018-08-11 20:48:18','USYS201800000000002','USYS201800000000002','2018-08-11 20:48:24','USYS201800000000002','USYS201800000000002','USYS201800000000002','USYS201800000000002','2018-08-11 20:48:32');

/*Data for the table `tbh_yx_form` */

insert  into `tbh_yx_form`(`user_id`,`wx_id`,`to_user_id`,`apply_level`,`real_name`,`mobile`,`address`,`area`,`city`,`province`,`from_info`,`status`,`apply_datetime`,`approver`,`approve_name`,`approve_datetime`,`remark`) values ('U201808061035145127291','18713582529','USYS201800000000002','1','wxId','宁','地址','区','市','省','1','3','2018-08-06 11:36:21','USYS201800000000002','公司',NULL,NULL);
