INSERT INTO `tstd_user` (`user_id`,`login_name`,`login_pwd`,`login_pwd_strength`,`kind`,`level`,`role_code`,`status`,`create_datetime`,`remark`,`company_code`,`system_code`) VALUES ('UHW201700000000000001','admin','21218cca77804d2ba1922c33e0151105','1','P','0','HWSR201700000000000000','0',now(),'管理端系统方','CD-CHW000015','CD-CHW000015');

/*
-- Query: SELECT code,name,type,url,order_no,'admin' updater, now() as update_datetime,remark,parent_code,'CD-CHW000015' system_code FROM tsys_menu
-- Date: 2017-09-14 20:20
*/
INSERT INTO `tsys_menu` (`code`,`name`,`type`,`url`,`order_no`,`updater`,`update_datetime`,`remark`,`parent_code`,`system_code`) VALUES ('HYSM201612071021105964','财务管理','1','#','3','admin',now(),'','HYSM201700000000000000','CD-CHW000015');
INSERT INTO `tsys_menu` (`code`,`name`,`type`,`url`,`order_no`,`updater`,`update_datetime`,`remark`,`parent_code`,`system_code`) VALUES ('HYSM2016120710215035834','账户查询','1','#','1','admin',now(),'','HYSM201612071021105964','CD-CHW000015');
INSERT INTO `tsys_menu` (`code`,`name`,`type`,`url`,`order_no`,`updater`,`update_datetime`,`remark`,`parent_code`,`system_code`) VALUES ('HYSM201612071022206883','外部账对账','1','#','5','admin',now(),'','HYSM201612071021105964','CD-CHW000015');
INSERT INTO `tsys_menu` (`code`,`name`,`type`,`url`,`order_no`,`updater`,`update_datetime`,`remark`,`parent_code`,`system_code`) VALUES ('HYSM2016120710225078473','内部账对账','1','#','6','admin',now(),'','HYSM201612071021105964','CD-CHW000015');
INSERT INTO `tsys_menu` (`code`,`name`,`type`,`url`,`order_no`,`updater`,`update_datetime`,`remark`,`parent_code`,`system_code`) VALUES ('HYSM2016120710233232137','平台账户','1','#','2','admin',now(),'','HYSM201612071021105964','CD-CHW000015');
INSERT INTO `tsys_menu` (`code`,`name`,`type`,`url`,`order_no`,`updater`,`update_datetime`,`remark`,`parent_code`,`system_code`) VALUES ('HYSM2016120710242555432','线下取现','1','#','3','admin',now(),'','HYSM201612071021105964','CD-CHW000015');
INSERT INTO `tsys_menu` (`code`,`name`,`type`,`url`,`order_no`,`updater`,`update_datetime`,`remark`,`parent_code`,`system_code`) VALUES ('HYSM201612071029309117','账户查询','1','/finance/account.htm','1','admin',now(),'','HYSM2016120710215035834','CD-CHW000015');
INSERT INTO `tsys_menu` (`code`,`name`,`type`,`url`,`order_no`,`updater`,`update_datetime`,`remark`,`parent_code`,`system_code`) VALUES ('HYSM2016120710341064879','流水查询','1','/finance/ledger.htm','2','admin',now(),'','HYSM2016120710215035834','CD-CHW000015');
INSERT INTO `tsys_menu` (`code`,`name`,`type`,`url`,`order_no`,`updater`,`update_datetime`,`remark`,`parent_code`,`system_code`) VALUES ('HYSM2016120710421392861','自动对账监控','1','/finance/autoReconControl.htm','1','admin',now(),'','HYSM201612071022206883','CD-CHW000015');
INSERT INTO `tsys_menu` (`code`,`name`,`type`,`url`,`order_no`,`updater`,`update_datetime`,`remark`,`parent_code`,`system_code`) VALUES ('HYSM2016120710443551388','不平账处理','1','/finance/roughHand.htm','2','admin',now(),'','HYSM201612071022206883','CD-CHW000015');
INSERT INTO `tsys_menu` (`code`,`name`,`type`,`url`,`order_no`,`updater`,`update_datetime`,`remark`,`parent_code`,`system_code`) VALUES ('HYSM2016120710470696888','二次轧账','1','/finance/twoRoll.htm','1','admin',now(),'','HYSM2016120710225078473','CD-CHW000015');
INSERT INTO `tsys_menu` (`code`,`name`,`type`,`url`,`order_no`,`updater`,`update_datetime`,`remark`,`parent_code`,`system_code`) VALUES ('HYSM2016120710484209132','不平账处理','1','/finance/inRoughHand.htm','2','admin',now(),'','HYSM2016120710225078473','CD-CHW000015');
INSERT INTO `tsys_menu` (`code`,`name`,`type`,`url`,`order_no`,`updater`,`update_datetime`,`remark`,`parent_code`,`system_code`) VALUES ('HYSM2016120710583381112','盈亏余额','1','/finance/breakBalance.htm','1','admin',now(),'','HYSM2016120710233232137','CD-CHW000015');
INSERT INTO `tsys_menu` (`code`,`name`,`type`,`url`,`order_no`,`updater`,`update_datetime`,`remark`,`parent_code`,`system_code`) VALUES ('HYSM2016120711021944714','线下充值','1','/finance/lineRecharge.htm','1','admin',now(),'','HYSM201707251143314118180','CD-CHW000015');
INSERT INTO `tsys_menu` (`code`,`name`,`type`,`url`,`order_no`,`updater`,`update_datetime`,`remark`,`parent_code`,`system_code`) VALUES ('HYSM2016120711034365344','线下取现','1','/finance/lineUnder.htm','2','admin',now(),'','HYSM2016120710242555432','CD-CHW000015');
INSERT INTO `tsys_menu` (`code`,`name`,`type`,`url`,`order_no`,`updater`,`update_datetime`,`remark`,`parent_code`,`system_code`) VALUES ('HYSM2016120714062949665','流水','2','/flow','1','admin',now(),'','HYSM201612071029309117','CD-CHW000015');
INSERT INTO `tsys_menu` (`code`,`name`,`type`,`url`,`order_no`,`updater`,`update_datetime`,`remark`,`parent_code`,`system_code`) VALUES ('HYSM2016120714343212111','详情','2','/detail','1','admin',now(),'','HYSM2016120710341064879','CD-CHW000015');
INSERT INTO `tsys_menu` (`code`,`name`,`type`,`url`,`order_no`,`updater`,`update_datetime`,`remark`,`parent_code`,`system_code`) VALUES ('HYSM2016120816125733948','人工对账','2','edit','1','admin',now(),'','HYSM2016120710421392861','CD-CHW000015');
INSERT INTO `tsys_menu` (`code`,`name`,`type`,`url`,`order_no`,`updater`,`update_datetime`,`remark`,`parent_code`,`system_code`) VALUES ('HYSM2016120816133940523','详情','2','/detail','2','admin',now(),'','HYSM2016120710421392861','CD-CHW000015');
INSERT INTO `tsys_menu` (`code`,`name`,`type`,`url`,`order_no`,`updater`,`update_datetime`,`remark`,`parent_code`,`system_code`) VALUES ('HYSM2016120911033945882','审核','2','/examine','1','admin',now(),'','HYSM2016120710443551388','CD-CHW000015');
INSERT INTO `tsys_menu` (`code`,`name`,`type`,`url`,`order_no`,`updater`,`update_datetime`,`remark`,`parent_code`,`system_code`) VALUES ('HYSM2016120911042060088','详情','2','/detail','2','admin',now(),'','HYSM2016120710443551388','CD-CHW000015');
INSERT INTO `tsys_menu` (`code`,`name`,`type`,`url`,`order_no`,`updater`,`update_datetime`,`remark`,`parent_code`,`system_code`) VALUES ('HYSM201612091114505291','二次轧账','2','edit','1','admin',now(),'','HYSM2016120710470696888','CD-CHW000015');
INSERT INTO `tsys_menu` (`code`,`name`,`type`,`url`,`order_no`,`updater`,`update_datetime`,`remark`,`parent_code`,`system_code`) VALUES ('HYSM2016120911160661084','详情','2','/detail','2','admin',now(),'','HYSM2016120710470696888','CD-CHW000015');
INSERT INTO `tsys_menu` (`code`,`name`,`type`,`url`,`order_no`,`updater`,`update_datetime`,`remark`,`parent_code`,`system_code`) VALUES ('HYSM2016120911293120195','审核','2','/examine','1','admin',now(),'','HYSM2016120710484209132','CD-CHW000015');
INSERT INTO `tsys_menu` (`code`,`name`,`type`,`url`,`order_no`,`updater`,`update_datetime`,`remark`,`parent_code`,`system_code`) VALUES ('HYSM2016120911301231346','详情','2','/detail','2','admin',now(),'','HYSM2016120710484209132','CD-CHW000015');
INSERT INTO `tsys_menu` (`code`,`name`,`type`,`url`,`order_no`,`updater`,`update_datetime`,`remark`,`parent_code`,`system_code`) VALUES ('HYSM2016122219561180130','导出','2','/export','9','admin',now(),'','HYSM201612071029309117','CD-CHW000015');
INSERT INTO `tsys_menu` (`code`,`name`,`type`,`url`,`order_no`,`updater`,`update_datetime`,`remark`,`parent_code`,`system_code`) VALUES ('HYSM2016122219573703627','导出','2','/export','9','admin',now(),'','HYSM2016120710341064879','CD-CHW000015');
INSERT INTO `tsys_menu` (`code`,`name`,`type`,`url`,`order_no`,`updater`,`update_datetime`,`remark`,`parent_code`,`system_code`) VALUES ('HYSM2016122219590218515','导出','2','/export','9','admin',now(),'','HYSM2016120710470696888','CD-CHW000015');
INSERT INTO `tsys_menu` (`code`,`name`,`type`,`url`,`order_no`,`updater`,`update_datetime`,`remark`,`parent_code`,`system_code`) VALUES ('HYSM2016122220000572417','导出','2','/export','9','admin',now(),'','HYSM2016120710484209132','CD-CHW000015');
INSERT INTO `tsys_menu` (`code`,`name`,`type`,`url`,`order_no`,`updater`,`update_datetime`,`remark`,`parent_code`,`system_code`) VALUES ('HYSM2016122317321369746','代申请','2','add','1','admin',now(),'','HYSM2016120711021944714','CD-CHW000015');
INSERT INTO `tsys_menu` (`code`,`name`,`type`,`url`,`order_no`,`updater`,`update_datetime`,`remark`,`parent_code`,`system_code`) VALUES ('HYSM2016122317325464966','代申请','2','add','2','admin',now(),'','HYSM2016120711034365344','CD-CHW000015');
INSERT INTO `tsys_menu` (`code`,`name`,`type`,`url`,`order_no`,`updater`,`update_datetime`,`remark`,`parent_code`,`system_code`) VALUES ('HYSM2016122317590316953','流水','2','/flow','1','admin',now(),'','HYSM2016120710583381112','CD-CHW000015');
INSERT INTO `tsys_menu` (`code`,`name`,`type`,`url`,`order_no`,`updater`,`update_datetime`,`remark`,`parent_code`,`system_code`) VALUES ('HYSM2016122412144574736','导出','2','export','9','admin',now(),'','HYSM2016120710583381112','CD-CHW000015');
INSERT INTO `tsys_menu` (`code`,`name`,`type`,`url`,`order_no`,`updater`,`update_datetime`,`remark`,`parent_code`,`system_code`) VALUES ('HYSM2016122413510161245','审核','2','/examine','2','admin',now(),'','HYSM2016120711021944714','CD-CHW000015');
INSERT INTO `tsys_menu` (`code`,`name`,`type`,`url`,`order_no`,`updater`,`update_datetime`,`remark`,`parent_code`,`system_code`) VALUES ('HYSM2016122413512505485','审核','2','/examine','2','admin',now(),'','HYSM2016120711034365344','CD-CHW000015');
INSERT INTO `tsys_menu` (`code`,`name`,`type`,`url`,`order_no`,`updater`,`update_datetime`,`remark`,`parent_code`,`system_code`) VALUES ('HYSM201700000000000000','根目录','1','#','1','admin',now(),'','','CD-CHW000015');
INSERT INTO `tsys_menu` (`code`,`name`,`type`,`url`,`order_no`,`updater`,`update_datetime`,`remark`,`parent_code`,`system_code`) VALUES ('HYSM201700001000000001','系统管理','1','#','1','admin',now(),'','HYSM201700000000000000','CD-CHW000015');
INSERT INTO `tsys_menu` (`code`,`name`,`type`,`url`,`order_no`,`updater`,`update_datetime`,`remark`,`parent_code`,`system_code`) VALUES ('HYSM201700001000000002','运维管理','1','#','2','admin',now(),NULL,'HYSM201700001000000001','CD-CHW000015');
INSERT INTO `tsys_menu` (`code`,`name`,`type`,`url`,`order_no`,`updater`,`update_datetime`,`remark`,`parent_code`,`system_code`) VALUES ('HYSM201700001000000003','菜单管理','1','/system/menu.htm','1','admin',now(),NULL,'HYSM201700001000000002','CD-CHW000015');
INSERT INTO `tsys_menu` (`code`,`name`,`type`,`url`,`order_no`,`updater`,`update_datetime`,`remark`,`parent_code`,`system_code`) VALUES ('HYSM201700001000000004','新增','2','/add','1','admin',now(),'','HYSM201700001000000003','CD-CHW000015');
INSERT INTO `tsys_menu` (`code`,`name`,`type`,`url`,`order_no`,`updater`,`update_datetime`,`remark`,`parent_code`,`system_code`) VALUES ('HYSM2017022412460281492','资金流水','1','/finance/platform_ledger.htm','2','admin',now(),'','HYSM2016120710233232137','CD-CHW000015');
INSERT INTO `tsys_menu` (`code`,`name`,`type`,`url`,`order_no`,`updater`,`update_datetime`,`remark`,`parent_code`,`system_code`) VALUES ('HYSM2017022412472301488','详情','2','/detail','1','admin',now(),'','HYSM2017022412460281492','CD-CHW000015');
INSERT INTO `tsys_menu` (`code`,`name`,`type`,`url`,`order_no`,`updater`,`update_datetime`,`remark`,`parent_code`,`system_code`) VALUES ('HYSM2017022412482059354','导出','2','/export','2','admin',now(),'','HYSM2017022412460281492','CD-CHW000015');
INSERT INTO `tsys_menu` (`code`,`name`,`type`,`url`,`order_no`,`updater`,`update_datetime`,`remark`,`parent_code`,`system_code`) VALUES ('HYSM2017022413014074915','导出','2','/export','3','admin',now(),'','HYSM2016120710443551388','CD-CHW000015');
INSERT INTO `tsys_menu` (`code`,`name`,`type`,`url`,`order_no`,`updater`,`update_datetime`,`remark`,`parent_code`,`system_code`) VALUES ('HYSM2017022413024043573','导出','2','/export','3','admin',now(),'','HYSM2016120710421392861','CD-CHW000015');
INSERT INTO `tsys_menu` (`code`,`name`,`type`,`url`,`order_no`,`updater`,`update_datetime`,`remark`,`parent_code`,`system_code`) VALUES ('HYSM2017032911200961325','修改','2','/edit','2','admin',now(),'','HYSM201700001000000003','CD-CHW000015');
INSERT INTO `tsys_menu` (`code`,`name`,`type`,`url`,`order_no`,`updater`,`update_datetime`,`remark`,`parent_code`,`system_code`) VALUES ('HYSM2017033020005366333','banner管理','1','/public/banner.htm','1','admin',now(),'','HYSM201707251006045006005','CD-CHW000015');
INSERT INTO `tsys_menu` (`code`,`name`,`type`,`url`,`order_no`,`updater`,`update_datetime`,`remark`,`parent_code`,`system_code`) VALUES ('HYSM2017033020015631166','新增','2','/add','1','admin',now(),'','HYSM2017033020005366333','CD-CHW000015');
INSERT INTO `tsys_menu` (`code`,`name`,`type`,`url`,`order_no`,`updater`,`update_datetime`,`remark`,`parent_code`,`system_code`) VALUES ('HYSM2017033020021094115','修改','2','/edit','2','admin',now(),'','HYSM2017033020005366333','CD-CHW000015');
INSERT INTO `tsys_menu` (`code`,`name`,`type`,`url`,`order_no`,`updater`,`update_datetime`,`remark`,`parent_code`,`system_code`) VALUES ('HYSM2017033020022649991','删除','2','/delete','3','admin',now(),'','HYSM2017033020005366333','CD-CHW000015');
INSERT INTO `tsys_menu` (`code`,`name`,`type`,`url`,`order_no`,`updater`,`update_datetime`,`remark`,`parent_code`,`system_code`) VALUES ('HYSM2017033020024827112','详情','2','/detail','4','admin',now(),'','HYSM2017033020005366333','CD-CHW000015');
INSERT INTO `tsys_menu` (`code`,`name`,`type`,`url`,`order_no`,`updater`,`update_datetime`,`remark`,`parent_code`,`system_code`) VALUES ('HYSM2017040616442519963','详情','2','/detail','3','admin',now(),'','HYSM2016120711021944714','CD-CHW000015');
INSERT INTO `tsys_menu` (`code`,`name`,`type`,`url`,`order_no`,`updater`,`update_datetime`,`remark`,`parent_code`,`system_code`) VALUES ('HYSM2017040616443747740','详情','2','/detail','3','admin',now(),'','HYSM2016120711034365344','CD-CHW000015');
INSERT INTO `tsys_menu` (`code`,`name`,`type`,`url`,`order_no`,`updater`,`update_datetime`,`remark`,`parent_code`,`system_code`) VALUES ('HYSM2017050810454898238','导出','2','/export','4','admin',now(),'','HYSM2016120711034365344','CD-CHW000015');
INSERT INTO `tsys_menu` (`code`,`name`,`type`,`url`,`order_no`,`updater`,`update_datetime`,`remark`,`parent_code`,`system_code`) VALUES ('HYSM2017051511323094138','回录','2','/huilu','21','admin',now(),'','HYSM2016120711034365344','CD-CHW000015');
INSERT INTO `tsys_menu` (`code`,`name`,`type`,`url`,`order_no`,`updater`,`update_datetime`,`remark`,`parent_code`,`system_code`) VALUES ('HYSM201705151132544318','导出','2','/export','5','admin',now(),'','HYSM2016120711021944714','CD-CHW000015');
INSERT INTO `tsys_menu` (`code`,`name`,`type`,`url`,`order_no`,`updater`,`update_datetime`,`remark`,`parent_code`,`system_code`) VALUES ('HYSM2017052014005252645','取现规则','1','/rules/enchashmentRule.htm','1','admin',now(),'','HYSM2016120710242555432','CD-CHW000015');
INSERT INTO `tsys_menu` (`code`,`name`,`type`,`url`,`order_no`,`updater`,`update_datetime`,`remark`,`parent_code`,`system_code`) VALUES ('HYSM2017052014013690196','修改','2','/edit','1','admin',now(),'','HYSM2017052014005252645','CD-CHW000015');
INSERT INTO `tsys_menu` (`code`,`name`,`type`,`url`,`order_no`,`updater`,`update_datetime`,`remark`,`parent_code`,`system_code`) VALUES ('HYSM201707251006045006005','广告位管理','1','#','5','admin',now(),'','HYSM201700001000000001','CD-CHW000015');
INSERT INTO `tsys_menu` (`code`,`name`,`type`,`url`,`order_no`,`updater`,`update_datetime`,`remark`,`parent_code`,`system_code`) VALUES ('HYSM201707251143314118180','线下充值','1','#','4','admin',now(),'','HYSM201612071021105964','CD-CHW000015');
INSERT INTO `tsys_menu` (`code`,`name`,`type`,`url`,`order_no`,`updater`,`update_datetime`,`remark`,`parent_code`,`system_code`) VALUES ('HYSM201707251147233303780','取现查询','1','/finance/lineUnder.htm','3','admin',now(),'','HYSM2016120710242555432','CD-CHW000015');
INSERT INTO `tsys_menu` (`code`,`name`,`type`,`url`,`order_no`,`updater`,`update_datetime`,`remark`,`parent_code`,`system_code`) VALUES ('HYSM201707251148117352030','充值查询','1','/finance/lineRecharge.htm','2','admin',now(),'','HYSM201707251143314118180','CD-CHW000015');
INSERT INTO `tsys_menu` (`code`,`name`,`type`,`url`,`order_no`,`updater`,`update_datetime`,`remark`,`parent_code`,`system_code`) VALUES ('HYSM201707251320494186231','导出','2','/export','5','admin',now(),'','HYSM201707251147233303780','CD-CHW000015');
INSERT INTO `tsys_menu` (`code`,`name`,`type`,`url`,`order_no`,`updater`,`update_datetime`,`remark`,`parent_code`,`system_code`) VALUES ('HYSM201707251331497821971','导出','2','/export','5','admin',now(),'','HYSM201707251148117352030','CD-CHW000015');
INSERT INTO `tsys_menu` (`code`,`name`,`type`,`url`,`order_no`,`updater`,`update_datetime`,`remark`,`parent_code`,`system_code`) VALUES ('HYSM201708241024194086655','删除','2','/delete','3','admin',now(),'','HYSM201700001000000003','CD-CHW000015');
INSERT INTO `tsys_menu` (`code`,`name`,`type`,`url`,`order_no`,`updater`,`update_datetime`,`remark`,`parent_code`,`system_code`) VALUES ('HYSM201708241027280514724','服务热线','1','/public/hotline_addedit.htm','2','admin',now(),'','HYSM2017121215543215610','CD-CHW000015');
INSERT INTO `tsys_menu` (`code`,`name`,`type`,`url`,`order_no`,`updater`,`update_datetime`,`remark`,`parent_code`,`system_code`) VALUES ('HYSM201708241027559375318','服务时间','1','/public/serviceTime_addedit.htm','3','admin',now(),'','HYSM2017121215543215610','CD-CHW000015');
INSERT INTO `tsys_menu` (`code`,`name`,`type`,`url`,`order_no`,`updater`,`update_datetime`,`remark`,`parent_code`,`system_code`) VALUES ('HYSM201708241036442974134','业务管理','1','#','2','admin',now(),'','HYSM201700000000000000','CD-CHW000015');
INSERT INTO `tsys_menu` (`code`,`name`,`type`,`url`,`order_no`,`updater`,`update_datetime`,`remark`,`parent_code`,`system_code`) VALUES ('HYSM2017101716241339082','运营管理','1','#','1','admin',now(),'','HYSM201700001000000001','CD-CHW000015');
INSERT INTO `tsys_menu` (`code`,`name`,`type`,`url`,`order_no`,`updater`,`update_datetime`,`remark`,`parent_code`,`system_code`) VALUES ('HYSM2017101716253866426','角色管理','1','/system/role.htm','1','admin',now(),'','HYSM2017101716241339082','CD-CHW000015');
INSERT INTO `tsys_menu` (`code`,`name`,`type`,`url`,`order_no`,`updater`,`update_datetime`,`remark`,`parent_code`,`system_code`) VALUES ('HYSM2017101716261754674','用户管理','1','/system/user.htm','2','admin',now(),'','HYSM2017101716241339082','CD-CHW000015');
INSERT INTO `tsys_menu` (`code`,`name`,`type`,`url`,`order_no`,`updater`,`update_datetime`,`remark`,`parent_code`,`system_code`) VALUES ('HYSM2017101716450533995','分配菜单','2','/change','4','admin',now(),'','HYSM2017101716253866426','CD-CHW000015');
INSERT INTO `tsys_menu` (`code`,`name`,`type`,`url`,`order_no`,`updater`,`update_datetime`,`remark`,`parent_code`,`system_code`) VALUES ('HYSM2017101717551955993','新增','2','/add','1','admin',now(),'','HYSM2017101716253866426','CD-CHW000015');
INSERT INTO `tsys_menu` (`code`,`name`,`type`,`url`,`order_no`,`updater`,`update_datetime`,`remark`,`parent_code`,`system_code`) VALUES ('HYSM2017101717560118734','修改','2','/edit','2','admin',now(),'','HYSM2017101716253866426','CD-CHW000015');
INSERT INTO `tsys_menu` (`code`,`name`,`type`,`url`,`order_no`,`updater`,`update_datetime`,`remark`,`parent_code`,`system_code`) VALUES ('HYSM2017101717563661357','删除','2','/delete','3','admin',now(),'','HYSM2017101716253866426','CD-CHW000015');
INSERT INTO `tsys_menu` (`code`,`name`,`type`,`url`,`order_no`,`updater`,`update_datetime`,`remark`,`parent_code`,`system_code`) VALUES ('HYSM2017101719082391126','新增','2','/add','1','admin',now(),'','HYSM2017101716261754674','CD-CHW000015');
INSERT INTO `tsys_menu` (`code`,`name`,`type`,`url`,`order_no`,`updater`,`update_datetime`,`remark`,`parent_code`,`system_code`) VALUES ('HYSM2017101719094151894','重置密码','2','/reset','2','admin',now(),'','HYSM2017101716261754674','CD-CHW000015');
INSERT INTO `tsys_menu` (`code`,`name`,`type`,`url`,`order_no`,`updater`,`update_datetime`,`remark`,`parent_code`,`system_code`) VALUES ('HYSM2017101719100760088','注销','2','/rock','4','admin',now(),'','HYSM2017101716261754674','CD-CHW000015');
INSERT INTO `tsys_menu` (`code`,`name`,`type`,`url`,`order_no`,`updater`,`update_datetime`,`remark`,`parent_code`,`system_code`) VALUES ('HYSM2017101719110981215','设置角色','2','/assign','5','admin',now(),'','HYSM2017101716261754674','CD-CHW000015');
INSERT INTO `tsys_menu` (`code`,`name`,`type`,`url`,`order_no`,`updater`,`update_datetime`,`remark`,`parent_code`,`system_code`) VALUES ('HYSM2017112911152991684','消息推送','1','#','3','admin',now(),'','HYSM201700001000000001','CD-CHW000015');
INSERT INTO `tsys_menu` (`code`,`name`,`type`,`url`,`order_no`,`updater`,`update_datetime`,`remark`,`parent_code`,`system_code`) VALUES ('HYSM2017112911280249973','公告管理','1','/public/notice.htm','1','admin',now(),'','HYSM2017112911152991684','CD-CHW000015');
INSERT INTO `tsys_menu` (`code`,`name`,`type`,`url`,`order_no`,`updater`,`update_datetime`,`remark`,`parent_code`,`system_code`) VALUES ('HYSM2017112914292031228','新增','2','/add','1','admin',now(),'','HYSM2017112911280249973','CD-CHW000015');
INSERT INTO `tsys_menu` (`code`,`name`,`type`,`url`,`order_no`,`updater`,`update_datetime`,`remark`,`parent_code`,`system_code`) VALUES ('HYSM2017112914295002950','修改','2','/edit2','2','admin',now(),'','HYSM2017112911280249973','CD-CHW000015');
INSERT INTO `tsys_menu` (`code`,`name`,`type`,`url`,`order_no`,`updater`,`update_datetime`,`remark`,`parent_code`,`system_code`) VALUES ('HYSM2017112914322481897','发布/撤下','2','/push','3','admin',now(),'','HYSM2017112911280249973','CD-CHW000015');
INSERT INTO `tsys_menu` (`code`,`name`,`type`,`url`,`order_no`,`updater`,`update_datetime`,`remark`,`parent_code`,`system_code`) VALUES ('HYSM2017112914325471772','详情','2','/detail','5','admin',now(),'','HYSM2017112911280249973','CD-CHW000015');
INSERT INTO `tsys_menu` (`code`,`name`,`type`,`url`,`order_no`,`updater`,`update_datetime`,`remark`,`parent_code`,`system_code`) VALUES ('HYSM2017120610552303416','激活','2','/active','3','admin',now(),'','HYSM2017101716261754674','CD-CHW000015');
INSERT INTO `tsys_menu` (`code`,`name`,`type`,`url`,`order_no`,`updater`,`update_datetime`,`remark`,`parent_code`,`system_code`) VALUES ('HYSM2017121215543215610','文章管理','1','#','4','admin',now(),'','HYSM201700001000000001','CD-CHW000015');
INSERT INTO `tsys_menu` (`code`,`name`,`type`,`url`,`order_no`,`updater`,`update_datetime`,`remark`,`parent_code`,`system_code`) VALUES ('HYSM2017121216045274832','关于我们','1','/public/aboutus_addedit.htm','1','admin',now(),'','HYSM2017121215543215610','CD-CHW000015');
INSERT INTO `tsys_menu` (`code`,`name`,`type`,`url`,`order_no`,`updater`,`update_datetime`,`remark`,`parent_code`,`system_code`) VALUES ('SM201708291930014073660','商城管理','1','#','1','admin',now(),'','HYSM201708241036442974134','CD-CHW000015');
INSERT INTO `tsys_menu` (`code`,`name`,`type`,`url`,`order_no`,`updater`,`update_datetime`,`remark`,`parent_code`,`system_code`) VALUES ('SM201708291930494842386','类别管理','1','/mall/category.htm','1','admin',now(),'','SM201708291930014073660','CD-CHW000015');
INSERT INTO `tsys_menu` (`code`,`name`,`type`,`url`,`order_no`,`updater`,`update_datetime`,`remark`,`parent_code`,`system_code`) VALUES ('SM201708291931040386241','新增','2','/add','1','admin',now(),'','SM201708291930494842386','CD-CHW000015');
INSERT INTO `tsys_menu` (`code`,`name`,`type`,`url`,`order_no`,`updater`,`update_datetime`,`remark`,`parent_code`,`system_code`) VALUES ('SM201708291931261171931','修改','2','/edit','2','admin',now(),'','SM201708291930494842386','CD-CHW000015');
INSERT INTO `tsys_menu` (`code`,`name`,`type`,`url`,`order_no`,`updater`,`update_datetime`,`remark`,`parent_code`,`system_code`) VALUES ('SM201708291931473571615','上架','2','/up','3','admin',now(),'','SM201708291930494842386','CD-CHW000015');
INSERT INTO `tsys_menu` (`code`,`name`,`type`,`url`,`order_no`,`updater`,`update_datetime`,`remark`,`parent_code`,`system_code`) VALUES ('SM201708291932039175493','下架','2','/down','4','admin',now(),'','SM201708291930494842386','CD-CHW000015');
INSERT INTO `tsys_menu` (`code`,`name`,`type`,`url`,`order_no`,`updater`,`update_datetime`,`remark`,`parent_code`,`system_code`) VALUES ('SM201708291932304117343','商品管理','1','/mall/product.htm','2','admin',now(),'','SM201708291930014073660','CD-CHW000015');
INSERT INTO `tsys_menu` (`code`,`name`,`type`,`url`,`order_no`,`updater`,`update_datetime`,`remark`,`parent_code`,`system_code`) VALUES ('SM201708291932434002397','新增','2','/add','1','admin',now(),'','SM201708291932304117343','CD-CHW000015');
INSERT INTO `tsys_menu` (`code`,`name`,`type`,`url`,`order_no`,`updater`,`update_datetime`,`remark`,`parent_code`,`system_code`) VALUES ('SM201708291932566766069','修改','2','/edit','2','admin',now(),'','SM201708291932304117343','CD-CHW000015');
INSERT INTO `tsys_menu` (`code`,`name`,`type`,`url`,`order_no`,`updater`,`update_datetime`,`remark`,`parent_code`,`system_code`) VALUES ('SM201708291933106875979','上架','2','/up','3','admin',now(),'','SM201708291932304117343','CD-CHW000015');
INSERT INTO `tsys_menu` (`code`,`name`,`type`,`url`,`order_no`,`updater`,`update_datetime`,`remark`,`parent_code`,`system_code`) VALUES ('SM20170829193325533856','下架','2','/down','4','admin',now(),'','SM201708291932304117343','CD-CHW000015');
INSERT INTO `tsys_menu` (`code`,`name`,`type`,`url`,`order_no`,`updater`,`update_datetime`,`remark`,`parent_code`,`system_code`) VALUES ('SM201708291934202048647','详情','2','/detail','5','admin',now(),'','SM201708291932304117343','CD-CHW000015');
INSERT INTO `tsys_menu` (`code`,`name`,`type`,`url`,`order_no`,`updater`,`update_datetime`,`remark`,`parent_code`,`system_code`) VALUES ('SM201708291934472906901','订单处理','1','/mall/order.htm','3','admin',now(),'','SM201708291930014073660','CD-CHW000015');
INSERT INTO `tsys_menu` (`code`,`name`,`type`,`url`,`order_no`,`updater`,`update_datetime`,`remark`,`parent_code`,`system_code`) VALUES ('SM201708291937326861291','物流发货','2','/deliverGoods','1','admin',now(),'','SM201708291934472906901','CD-CHW000015');
INSERT INTO `tsys_menu` (`code`,`name`,`type`,`url`,`order_no`,`updater`,`update_datetime`,`remark`,`parent_code`,`system_code`) VALUES ('SM201708291938515336782','批量取消','2','/cancel','3','admin',now(),'','SM201708291934472906901','CD-CHW000015');
INSERT INTO `tsys_menu` (`code`,`name`,`type`,`url`,`order_no`,`updater`,`update_datetime`,`remark`,`parent_code`,`system_code`) VALUES ('SM201708291946488068620','详情','2','/detail','5','admin',now(),'','SM201708291934472906901','CD-CHW000015');
INSERT INTO `tsys_menu` (`code`,`name`,`type`,`url`,`order_no`,`updater`,`update_datetime`,`remark`,`parent_code`,`system_code`) VALUES ('SM201708291947153554840','导出','2','/export','7','admin',now(),'','SM201708291934472906901','CD-CHW000015');
INSERT INTO `tsys_menu` (`code`,`name`,`type`,`url`,`order_no`,`updater`,`update_datetime`,`remark`,`parent_code`,`system_code`) VALUES ('SM201708291947538759230','订单查询','1','/mall/orderQuery.htm','4','admin',now(),'','SM201708291930014073660','CD-CHW000015');
INSERT INTO `tsys_menu` (`code`,`name`,`type`,`url`,`order_no`,`updater`,`update_datetime`,`remark`,`parent_code`,`system_code`) VALUES ('SM201708291948139309200','详情','2','/detail','1','admin',now(),'','SM201708291947538759230','CD-CHW000015');
INSERT INTO `tsys_menu` (`code`,`name`,`type`,`url`,`order_no`,`updater`,`update_datetime`,`remark`,`parent_code`,`system_code`) VALUES ('SM201708291948345693378','导出','2','/export','2','admin',now(),'','SM201708291947538759230','CD-CHW000015');
INSERT INTO `tsys_menu` (`code`,`name`,`type`,`url`,`order_no`,`updater`,`update_datetime`,`remark`,`parent_code`,`system_code`) VALUES ('SM201708311108348702445','租赁管理','1','/','2','admin',now(),'','HYSM201708241036442974134','CD-CHW000015');
INSERT INTO `tsys_menu` (`code`,`name`,`type`,`url`,`order_no`,`updater`,`update_datetime`,`remark`,`parent_code`,`system_code`) VALUES ('SM201708311109128401946','业务规则','1','/','4','admin',now(),'','HYSM201708241036442974134','CD-CHW000015');
INSERT INTO `tsys_menu` (`code`,`name`,`type`,`url`,`order_no`,`updater`,`update_datetime`,`remark`,`parent_code`,`system_code`) VALUES ('SM201708311109281904152','用户管理','1','/','5','admin',now(),'','HYSM201708241036442974134','CD-CHW000015');
INSERT INTO `tsys_menu` (`code`,`name`,`type`,`url`,`order_no`,`updater`,`update_datetime`,`remark`,`parent_code`,`system_code`) VALUES ('SM201708311110370799696','资讯管理','1','#','3','admin',now(),'','HYSM201708241036442974134','CD-CHW000015');
INSERT INTO `tsys_menu` (`code`,`name`,`type`,`url`,`order_no`,`updater`,`update_datetime`,`remark`,`parent_code`,`system_code`) VALUES ('SM201708311130585876317','C端用户','1','/user/customer.htm','1','admin',now(),'','SM201708311109281904152','CD-CHW000015');
INSERT INTO `tsys_menu` (`code`,`name`,`type`,`url`,`order_no`,`updater`,`update_datetime`,`remark`,`parent_code`,`system_code`) VALUES ('SM201708311135157049241','自提点管理','1','/user/partner.htm','2','admin',now(),'','SM201709111930495197371','CD-CHW000015');
INSERT INTO `tsys_menu` (`code`,`name`,`type`,`url`,`order_no`,`updater`,`update_datetime`,`remark`,`parent_code`,`system_code`) VALUES ('SM201708312115330447753','新增','2','/add','1','admin',now(),'','SM201708311135157049241','CD-CHW000015');
INSERT INTO `tsys_menu` (`code`,`name`,`type`,`url`,`order_no`,`updater`,`update_datetime`,`remark`,`parent_code`,`system_code`) VALUES ('SM201708312116364628655','解除关系/取消','2','/lock','4','admin',now(),'','SM201708311135157049241','CD-CHW000015');
INSERT INTO `tsys_menu` (`code`,`name`,`type`,`url`,`order_no`,`updater`,`update_datetime`,`remark`,`parent_code`,`system_code`) VALUES ('SM20170831211708260573','修改','2','/edit','2','admin',now(),'','SM201708311135157049241','CD-CHW000015');
INSERT INTO `tsys_menu` (`code`,`name`,`type`,`url`,`order_no`,`updater`,`update_datetime`,`remark`,`parent_code`,`system_code`) VALUES ('SM201708312117327337687','修改密码','2','/editPwd','3','admin',now(),'','SM201708311135157049241','CD-CHW000015');
INSERT INTO `tsys_menu` (`code`,`name`,`type`,`url`,`order_no`,`updater`,`update_datetime`,`remark`,`parent_code`,`system_code`) VALUES ('SM201708312119288413387','详情','2','/detail','5','admin',now(),'','SM201708311135157049241','CD-CHW000015');
INSERT INTO `tsys_menu` (`code`,`name`,`type`,`url`,`order_no`,`updater`,`update_datetime`,`remark`,`parent_code`,`system_code`) VALUES ('SM201708312131157986140','注销','2','/rock','1','admin',now(),'','SM201708311130585876317','CD-CHW000015');
INSERT INTO `tsys_menu` (`code`,`name`,`type`,`url`,`order_no`,`updater`,`update_datetime`,`remark`,`parent_code`,`system_code`) VALUES ('SM201708312131380887329','激活','2','/active','2','admin',now(),'','SM201708311130585876317','CD-CHW000015');
INSERT INTO `tsys_menu` (`code`,`name`,`type`,`url`,`order_no`,`updater`,`update_datetime`,`remark`,`parent_code`,`system_code`) VALUES ('SM201708312131580192222','详情','2','/detail','3','admin',now(),'','SM201708311130585876317','CD-CHW000015');
INSERT INTO `tsys_menu` (`code`,`name`,`type`,`url`,`order_no`,`updater`,`update_datetime`,`remark`,`parent_code`,`system_code`) VALUES ('SM201708312132217202694','查看账户','2','/account','4','admin',now(),'','SM201708311130585876317','CD-CHW000015');
INSERT INTO `tsys_menu` (`code`,`name`,`type`,`url`,`order_no`,`updater`,`update_datetime`,`remark`,`parent_code`,`system_code`) VALUES ('SM201709011057131572745','资讯管理','1','/public/information.htm','1','admin',now(),'','SM201708311110370799696','CD-CHW000015');
INSERT INTO `tsys_menu` (`code`,`name`,`type`,`url`,`order_no`,`updater`,`update_datetime`,`remark`,`parent_code`,`system_code`) VALUES ('SM201709011057405779161','新增','2','/add','1','admin',now(),'','SM201709011057131572745','CD-CHW000015');
INSERT INTO `tsys_menu` (`code`,`name`,`type`,`url`,`order_no`,`updater`,`update_datetime`,`remark`,`parent_code`,`system_code`) VALUES ('SM201709011058437492370','删除','2','/delete','2','admin',now(),'','SM201709011057131572745','CD-CHW000015');
INSERT INTO `tsys_menu` (`code`,`name`,`type`,`url`,`order_no`,`updater`,`update_datetime`,`remark`,`parent_code`,`system_code`) VALUES ('SM201709011059109696981','修改','2','/edit','3','admin',now(),'','SM201709011057131572745','CD-CHW000015');
INSERT INTO `tsys_menu` (`code`,`name`,`type`,`url`,`order_no`,`updater`,`update_datetime`,`remark`,`parent_code`,`system_code`) VALUES ('SM20170901105938613505','上架','2','/up','4','admin',now(),'','SM201709011057131572745','CD-CHW000015');
INSERT INTO `tsys_menu` (`code`,`name`,`type`,`url`,`order_no`,`updater`,`update_datetime`,`remark`,`parent_code`,`system_code`) VALUES ('SM201709011100131995377','下架','2','/down','5','admin',now(),'','SM201709011057131572745','CD-CHW000015');
INSERT INTO `tsys_menu` (`code`,`name`,`type`,`url`,`order_no`,`updater`,`update_datetime`,`remark`,`parent_code`,`system_code`) VALUES ('SM201709011100571395926','详情','2','/detail','6','admin',now(),'','SM201709011057131572745','CD-CHW000015');
INSERT INTO `tsys_menu` (`code`,`name`,`type`,`url`,`order_no`,`updater`,`update_datetime`,`remark`,`parent_code`,`system_code`) VALUES ('SM20170904111620313853','商城管理','1','#','1','admin',now(),'','HYSM201708241036442974134','CD-CHW000015');
INSERT INTO `tsys_menu` (`code`,`name`,`type`,`url`,`order_no`,`updater`,`update_datetime`,`remark`,`parent_code`,`system_code`) VALUES ('SM20170904111719398118','订单处理','1','/mall/storeOrder.htm','1','admin',now(),'','SM20170904111620313853','CD-CHW000015');
INSERT INTO `tsys_menu` (`code`,`name`,`type`,`url`,`order_no`,`updater`,`update_datetime`,`remark`,`parent_code`,`system_code`) VALUES ('SM201709041118024032933','现场发货','2','/formStores','1','admin',now(),'','SM20170904111719398118','CD-CHW000015');
INSERT INTO `tsys_menu` (`code`,`name`,`type`,`url`,`order_no`,`updater`,`update_datetime`,`remark`,`parent_code`,`system_code`) VALUES ('SM201709041118223106836','详情','2','/detail','2','admin',now(),'','SM20170904111719398118','CD-CHW000015');
INSERT INTO `tsys_menu` (`code`,`name`,`type`,`url`,`order_no`,`updater`,`update_datetime`,`remark`,`parent_code`,`system_code`) VALUES ('SM201709051039071706082','帮助中心','1','/public/helper_addedit.htm','4','admin',now(),'','HYSM2017121215543215610','CD-CHW000015');
INSERT INTO `tsys_menu` (`code`,`name`,`type`,`url`,`order_no`,`updater`,`update_datetime`,`remark`,`parent_code`,`system_code`) VALUES ('SM201709051040300724479','客服中心','1','/public/custom_addedit.htm','5','admin',now(),'','HYSM2017121215543215610','CD-CHW000015');
INSERT INTO `tsys_menu` (`code`,`name`,`type`,`url`,`order_no`,`updater`,`update_datetime`,`remark`,`parent_code`,`system_code`) VALUES ('SM201709052014039096114','评论管理','1','#','6','admin',now(),'','HYSM201708241036442974134','CD-CHW000015');
INSERT INTO `tsys_menu` (`code`,`name`,`type`,`url`,`order_no`,`updater`,`update_datetime`,`remark`,`parent_code`,`system_code`) VALUES ('SM201709052014597021316','关键字管理','1','/public/keyWords.htm','1','admin',now(),'','SM201709052014039096114','CD-CHW000015');
INSERT INTO `tsys_menu` (`code`,`name`,`type`,`url`,`order_no`,`updater`,`update_datetime`,`remark`,`parent_code`,`system_code`) VALUES ('SM201709052016061269858','评论管理','1','/public/comment.htm','2','admin',now(),'','SM201709052014039096114','CD-CHW000015');
INSERT INTO `tsys_menu` (`code`,`name`,`type`,`url`,`order_no`,`updater`,`update_datetime`,`remark`,`parent_code`,`system_code`) VALUES ('SM201709052024399142353','新增','2','/add','1','admin',now(),'','SM201709052014597021316','CD-CHW000015');
INSERT INTO `tsys_menu` (`code`,`name`,`type`,`url`,`order_no`,`updater`,`update_datetime`,`remark`,`parent_code`,`system_code`) VALUES ('SM201709052025148715038','删除','2','/delete','2','admin',now(),'','SM201709052014597021316','CD-CHW000015');
INSERT INTO `tsys_menu` (`code`,`name`,`type`,`url`,`order_no`,`updater`,`update_datetime`,`remark`,`parent_code`,`system_code`) VALUES ('SM201709052025331219659','修改','2','/edit','3','admin',now(),'','SM201709052014597021316','CD-CHW000015');
INSERT INTO `tsys_menu` (`code`,`name`,`type`,`url`,`order_no`,`updater`,`update_datetime`,`remark`,`parent_code`,`system_code`) VALUES ('SM201709052025546116884','详情','2','/detail','4','admin',now(),'','SM201709052014597021316','CD-CHW000015');
INSERT INTO `tsys_menu` (`code`,`name`,`type`,`url`,`order_no`,`updater`,`update_datetime`,`remark`,`parent_code`,`system_code`) VALUES ('SM201709052027074229537','导入','2','/import','5','admin',now(),'','SM201709052014597021316','CD-CHW000015');
INSERT INTO `tsys_menu` (`code`,`name`,`type`,`url`,`order_no`,`updater`,`update_datetime`,`remark`,`parent_code`,`system_code`) VALUES ('SM201709052138578985993','审核','2','/edit','1','admin',now(),'','SM201709052016061269858','CD-CHW000015');
INSERT INTO `tsys_menu` (`code`,`name`,`type`,`url`,`order_no`,`updater`,`update_datetime`,`remark`,`parent_code`,`system_code`) VALUES ('SM20170905213929548769','删除','2','/delete','2','admin',now(),'','SM201709052016061269858','CD-CHW000015');
INSERT INTO `tsys_menu` (`code`,`name`,`type`,`url`,`order_no`,`updater`,`update_datetime`,`remark`,`parent_code`,`system_code`) VALUES ('SM201709052140368699812','详情','2','/detail','3','admin',now(),'','SM201709052016061269858','CD-CHW000015');
INSERT INTO `tsys_menu` (`code`,`name`,`type`,`url`,`order_no`,`updater`,`update_datetime`,`remark`,`parent_code`,`system_code`) VALUES ('SM201709061029596375744','类别管理','1','/mall/leaseCategory.htm','1','admin',now(),'','SM201708311108348702445','CD-CHW000015');
INSERT INTO `tsys_menu` (`code`,`name`,`type`,`url`,`order_no`,`updater`,`update_datetime`,`remark`,`parent_code`,`system_code`) VALUES ('SM201709061030595294244','商品管理','1','/mall/leaseProduct.htm','2','admin',now(),'','SM201708311108348702445','CD-CHW000015');
INSERT INTO `tsys_menu` (`code`,`name`,`type`,`url`,`order_no`,`updater`,`update_datetime`,`remark`,`parent_code`,`system_code`) VALUES ('SM201709061032077216968','订单处理','1','/mall/leaseOrder.htm','3','admin',now(),'','SM201708311108348702445','CD-CHW000015');
INSERT INTO `tsys_menu` (`code`,`name`,`type`,`url`,`order_no`,`updater`,`update_datetime`,`remark`,`parent_code`,`system_code`) VALUES ('SM201709061033080519717','新增','2','/add','1','admin',now(),'','SM201709061029596375744','CD-CHW000015');
INSERT INTO `tsys_menu` (`code`,`name`,`type`,`url`,`order_no`,`updater`,`update_datetime`,`remark`,`parent_code`,`system_code`) VALUES ('SM201709061034237764640','修改','2','/edit','2','admin',now(),'','SM201709061029596375744','CD-CHW000015');
INSERT INTO `tsys_menu` (`code`,`name`,`type`,`url`,`order_no`,`updater`,`update_datetime`,`remark`,`parent_code`,`system_code`) VALUES ('SM201709061034473801526','上架','2','/up','3','admin',now(),'','SM201709061029596375744','CD-CHW000015');
INSERT INTO `tsys_menu` (`code`,`name`,`type`,`url`,`order_no`,`updater`,`update_datetime`,`remark`,`parent_code`,`system_code`) VALUES ('SM201709061035085694290','下架','2','/down','4','admin',now(),'','SM201709061029596375744','CD-CHW000015');
INSERT INTO `tsys_menu` (`code`,`name`,`type`,`url`,`order_no`,`updater`,`update_datetime`,`remark`,`parent_code`,`system_code`) VALUES ('SM201709061035319233340','详情','2','/detail','5','admin',now(),'','SM201709061029596375744','CD-CHW000015');
INSERT INTO `tsys_menu` (`code`,`name`,`type`,`url`,`order_no`,`updater`,`update_datetime`,`remark`,`parent_code`,`system_code`) VALUES ('SM201709061036053943850','新增','2','/add','1','admin',now(),'','SM201709061030595294244','CD-CHW000015');
INSERT INTO `tsys_menu` (`code`,`name`,`type`,`url`,`order_no`,`updater`,`update_datetime`,`remark`,`parent_code`,`system_code`) VALUES ('SM201709061036376865149','修改','2','/edit','2','admin',now(),'','SM201709061030595294244','CD-CHW000015');
INSERT INTO `tsys_menu` (`code`,`name`,`type`,`url`,`order_no`,`updater`,`update_datetime`,`remark`,`parent_code`,`system_code`) VALUES ('SM201709061036587486376','上架','2','/up','3','admin',now(),'','SM201709061030595294244','CD-CHW000015');
INSERT INTO `tsys_menu` (`code`,`name`,`type`,`url`,`order_no`,`updater`,`update_datetime`,`remark`,`parent_code`,`system_code`) VALUES ('SM201709061037146725186','下架','2','/down','4','admin',now(),'','SM201709061030595294244','CD-CHW000015');
INSERT INTO `tsys_menu` (`code`,`name`,`type`,`url`,`order_no`,`updater`,`update_datetime`,`remark`,`parent_code`,`system_code`) VALUES ('SM201709061037461284976','详情','2','/detail','5','admin',now(),'','SM201709061030595294244','CD-CHW000015');
INSERT INTO `tsys_menu` (`code`,`name`,`type`,`url`,`order_no`,`updater`,`update_datetime`,`remark`,`parent_code`,`system_code`) VALUES ('SM201709061106397598059','详情','2','/detail','5','admin',now(),'','SM201708291930494842386','CD-CHW000015');
INSERT INTO `tsys_menu` (`code`,`name`,`type`,`url`,`order_no`,`updater`,`update_datetime`,`remark`,`parent_code`,`system_code`) VALUES ('SM201709061702237555420','物流发货','2','/deliverGoods','1','admin',now(),'','SM201709061032077216968','CD-CHW000015');
INSERT INTO `tsys_menu` (`code`,`name`,`type`,`url`,`order_no`,`updater`,`update_datetime`,`remark`,`parent_code`,`system_code`) VALUES ('SM201709061703090499458','确认收货','2','/finish','4','admin',now(),'','SM201709061032077216968','CD-CHW000015');
INSERT INTO `tsys_menu` (`code`,`name`,`type`,`url`,`order_no`,`updater`,`update_datetime`,`remark`,`parent_code`,`system_code`) VALUES ('SM201709061703298671734','详情','2','/detail','6','admin',now(),'','SM201709061032077216968','CD-CHW000015');
INSERT INTO `tsys_menu` (`code`,`name`,`type`,`url`,`order_no`,`updater`,`update_datetime`,`remark`,`parent_code`,`system_code`) VALUES ('SM201709071345070721899','租赁管理','1','#','2','admin',now(),'','HYSM201708241036442974134','CD-CHW000015');
INSERT INTO `tsys_menu` (`code`,`name`,`type`,`url`,`order_no`,`updater`,`update_datetime`,`remark`,`parent_code`,`system_code`) VALUES ('SM20170907134606092894','订单处理','1','/mall/leaseStoreOrder.htm','1','admin',now(),'','SM201709071345070721899','CD-CHW000015');
INSERT INTO `tsys_menu` (`code`,`name`,`type`,`url`,`order_no`,`updater`,`update_datetime`,`remark`,`parent_code`,`system_code`) VALUES ('SM201709071346594576717','现场发货','2','/formStoresBtn','1','admin',now(),'','SM20170907134606092894','CD-CHW000015');
INSERT INTO `tsys_menu` (`code`,`name`,`type`,`url`,`order_no`,`updater`,`update_datetime`,`remark`,`parent_code`,`system_code`) VALUES ('SM201709071347209186733','详情','2','/detail','4','admin',now(),'','SM20170907134606092894','CD-CHW000015');
INSERT INTO `tsys_menu` (`code`,`name`,`type`,`url`,`order_no`,`updater`,`update_datetime`,`remark`,`parent_code`,`system_code`) VALUES ('SM201709071539309709059','批量取消','2','/cancel','2','admin',now(),'','SM201709061032077216968','CD-CHW000015');
INSERT INTO `tsys_menu` (`code`,`name`,`type`,`url`,`order_no`,`updater`,`update_datetime`,`remark`,`parent_code`,`system_code`) VALUES ('SM201709071903173771816','确认归还','2','/return','5','admin',now(),'','SM201709061032077216968','CD-CHW000015');
INSERT INTO `tsys_menu` (`code`,`name`,`type`,`url`,`order_no`,`updater`,`update_datetime`,`remark`,`parent_code`,`system_code`) VALUES ('SM201709072032277674988','订单查询','1','/mall/leaseOrderQuery.htm','4','admin',now(),'','SM201708311108348702445','CD-CHW000015');
INSERT INTO `tsys_menu` (`code`,`name`,`type`,`url`,`order_no`,`updater`,`update_datetime`,`remark`,`parent_code`,`system_code`) VALUES ('SM201709072033200218734','详情','2','/detail','1','admin',now(),'','SM201709072032277674988','CD-CHW000015');
INSERT INTO `tsys_menu` (`code`,`name`,`type`,`url`,`order_no`,`updater`,`update_datetime`,`remark`,`parent_code`,`system_code`) VALUES ('SM201709072033446349734','导出','2','/export','2','admin',now(),'','SM201709072032277674988','CD-CHW000015');
INSERT INTO `tsys_menu` (`code`,`name`,`type`,`url`,`order_no`,`updater`,`update_datetime`,`remark`,`parent_code`,`system_code`) VALUES ('SM201709111011459092484','免押金政策','1','#','7','admin',now(),'','HYSM201708241036442974134','CD-CHW000015');
INSERT INTO `tsys_menu` (`code`,`name`,`type`,`url`,`order_no`,`updater`,`update_datetime`,`remark`,`parent_code`,`system_code`) VALUES ('SM201709111012547147425','学生认证管理','1','/user/students.htm','1','admin',now(),'','SM201709111011459092484','CD-CHW000015');
INSERT INTO `tsys_menu` (`code`,`name`,`type`,`url`,`order_no`,`updater`,`update_datetime`,`remark`,`parent_code`,`system_code`) VALUES ('SM201709111013222355586','审核','2','/check','1','admin',now(),'','SM201709111012547147425','CD-CHW000015');
INSERT INTO `tsys_menu` (`code`,`name`,`type`,`url`,`order_no`,`updater`,`update_datetime`,`remark`,`parent_code`,`system_code`) VALUES ('SM201709111013444552925','详情','2','/detail','2','admin',now(),'','SM201709111012547147425','CD-CHW000015');
INSERT INTO `tsys_menu` (`code`,`name`,`type`,`url`,`order_no`,`updater`,`update_datetime`,`remark`,`parent_code`,`system_code`) VALUES ('SM201709111119331949778','芝麻认证查询','1','/user/zmQuery.htm','2','admin',now(),'','SM201709111011459092484','CD-CHW000015');
INSERT INTO `tsys_menu` (`code`,`name`,`type`,`url`,`order_no`,`updater`,`update_datetime`,`remark`,`parent_code`,`system_code`) VALUES ('SM201709111119532796858','详情','2','/detail','1','admin',now(),'','SM201709111119331949778','CD-CHW000015');
INSERT INTO `tsys_menu` (`code`,`name`,`type`,`url`,`order_no`,`updater`,`update_datetime`,`remark`,`parent_code`,`system_code`) VALUES ('SM201709111226578907591','推广规则','1','/rules/tgRule.htm','1','admin',now(),'','SM201708311109128401946','CD-CHW000015');
INSERT INTO `tsys_menu` (`code`,`name`,`type`,`url`,`order_no`,`updater`,`update_datetime`,`remark`,`parent_code`,`system_code`) VALUES ('SM201709111227283933403','修改','2','/edit','1','admin',now(),'','SM201709111226578907591','CD-CHW000015');
INSERT INTO `tsys_menu` (`code`,`name`,`type`,`url`,`order_no`,`updater`,`update_datetime`,`remark`,`parent_code`,`system_code`) VALUES ('SM201709111930495197371','自提点管理','1','#','5','admin',now(),'','HYSM201708241036442974134','CD-CHW000015');
INSERT INTO `tsys_menu` (`code`,`name`,`type`,`url`,`order_no`,`updater`,`update_datetime`,`remark`,`parent_code`,`system_code`) VALUES ('SM201709121058241429142','一键新增','2','/copy','2','admin',now(),'','SM201708291932304117343','CD-CHW000015');
INSERT INTO `tsys_menu` (`code`,`name`,`type`,`url`,`order_no`,`updater`,`update_datetime`,`remark`,`parent_code`,`system_code`) VALUES ('SM201709121059089525714','一键新增','2','/copy','2','admin',now(),'','SM201709061030595294244','CD-CHW000015');
INSERT INTO `tsys_menu` (`code`,`name`,`type`,`url`,`order_no`,`updater`,`update_datetime`,`remark`,`parent_code`,`system_code`) VALUES ('SM201709121657144777758','黑名单管理','1','/user/blacklist.htm','5','admin',now(),'','SM201708311108348702445','CD-CHW000015');
INSERT INTO `tsys_menu` (`code`,`name`,`type`,`url`,`order_no`,`updater`,`update_datetime`,`remark`,`parent_code`,`system_code`) VALUES ('SM201709121658111782583','解除黑名单','2','/active','1','admin',now(),'','SM201709121657144777758','CD-CHW000015');
INSERT INTO `tsys_menu` (`code`,`name`,`type`,`url`,`order_no`,`updater`,`update_datetime`,`remark`,`parent_code`,`system_code`) VALUES ('SM201709121658330877827','详情','2','/detail','2','admin',now(),'','SM201709121657144777758','CD-CHW000015');
INSERT INTO `tsys_menu` (`code`,`name`,`type`,`url`,`order_no`,`updater`,`update_datetime`,`remark`,`parent_code`,`system_code`) VALUES ('SM201709160733408354632','批量取消','2','/cancel','2','admin',now(),'','SM20170907134606092894','CD-CHW000015');
INSERT INTO `tsys_menu` (`code`,`name`,`type`,`url`,`order_no`,`updater`,`update_datetime`,`remark`,`parent_code`,`system_code`) VALUES ('SM201709160734263565764','确认归还','2','/return','3','admin',now(),'','SM20170907134606092894','CD-CHW000015');
INSERT INTO `tsys_menu` (`code`,`name`,`type`,`url`,`order_no`,`updater`,`update_datetime`,`remark`,`parent_code`,`system_code`) VALUES ('SM201709161019040374118','免押金规则','1','/rules/myjRule.htm','4','admin',now(),'','SM201708311109128401946','CD-CHW000015');
INSERT INTO `tsys_menu` (`code`,`name`,`type`,`url`,`order_no`,`updater`,`update_datetime`,`remark`,`parent_code`,`system_code`) VALUES ('SM201709161019295139434','修改','2','/edit','1','admin',now(),'','SM201709161019040374118','CD-CHW000015');
INSERT INTO `tsys_menu` (`code`,`name`,`type`,`url`,`order_no`,`updater`,`update_datetime`,`remark`,`parent_code`,`system_code`) VALUES ('SM201709182004136118983','批量取消','2','/cancel','1','admin',now(),'','SM20170904111719398118','CD-CHW000015');
INSERT INTO `tsys_menu` (`code`,`name`,`type`,`url`,`order_no`,`updater`,`update_datetime`,`remark`,`parent_code`,`system_code`) VALUES ('SM201709182023219589311','订单查询','1','/mall/storeOrderQuery.htm','2','admin',now(),'','SM20170904111620313853','CD-CHW000015');
INSERT INTO `tsys_menu` (`code`,`name`,`type`,`url`,`order_no`,`updater`,`update_datetime`,`remark`,`parent_code`,`system_code`) VALUES ('SM201709182026321357429','详情','2','/detail','1','admin',now(),'','SM201709182023219589311','CD-CHW000015');
INSERT INTO `tsys_menu` (`code`,`name`,`type`,`url`,`order_no`,`updater`,`update_datetime`,`remark`,`parent_code`,`system_code`) VALUES ('SM201709182027072277322','导出','2','/export','2','admin',now(),'','SM201709182023219589311','CD-CHW000015');
INSERT INTO `tsys_menu` (`code`,`name`,`type`,`url`,`order_no`,`updater`,`update_datetime`,`remark`,`parent_code`,`system_code`) VALUES ('SM201709182027452219637','订单查询','1','/mall/leaseStoreOrderQuery.htm','2','admin',now(),'','SM201709071345070721899','CD-CHW000015');
INSERT INTO `tsys_menu` (`code`,`name`,`type`,`url`,`order_no`,`updater`,`update_datetime`,`remark`,`parent_code`,`system_code`) VALUES ('SM201709182030041775279','详情','2','/detail','1','admin',now(),'','SM201709182027452219637','CD-CHW000015');
INSERT INTO `tsys_menu` (`code`,`name`,`type`,`url`,`order_no`,`updater`,`update_datetime`,`remark`,`parent_code`,`system_code`) VALUES ('SM201709182030320998967','导出','2','/export','2','admin',now(),'','SM201709182027452219637','CD-CHW000015');
INSERT INTO `tsys_menu` (`code`,`name`,`type`,`url`,`order_no`,`updater`,`update_datetime`,`remark`,`parent_code`,`system_code`) VALUES ('SM201709182141003858247','收件归还信息','1','/public/back_addedit.htm','9','admin',now(),'','HYSM2017121215543215610','CD-CHW000015');
INSERT INTO `tsys_menu` (`code`,`name`,`type`,`url`,`order_no`,`updater`,`update_datetime`,`remark`,`parent_code`,`system_code`) VALUES ('SM201709200034130037284','详情','2','/detail','0','admin',now(),'','HYSM201707251148117352030','CD-CHW000015');
INSERT INTO `tsys_menu` (`code`,`name`,`type`,`url`,`order_no`,`updater`,`update_datetime`,`remark`,`parent_code`,`system_code`) VALUES ('SM201709200035015545112','详情','2','/detail','0','admin',now(),'','HYSM201707251147233303780','CD-CHW000015');
INSERT INTO `tsys_menu` (`code`,`name`,`type`,`url`,`order_no`,`updater`,`update_datetime`,`remark`,`parent_code`,`system_code`) VALUES ('SM201709200044141973765','商城规则','1','/rules/goodsRule.htm','2','admin',now(),'','SM201708311109128401946','CD-CHW000015');
INSERT INTO `tsys_menu` (`code`,`name`,`type`,`url`,`order_no`,`updater`,`update_datetime`,`remark`,`parent_code`,`system_code`) VALUES ('SM201709200044421452470','修改','2','/edit','1','admin',now(),'','SM201709200044141973765','CD-CHW000015');
INSERT INTO `tsys_menu` (`code`,`name`,`type`,`url`,`order_no`,`updater`,`update_datetime`,`remark`,`parent_code`,`system_code`) VALUES ('SM201709200045213605399','租赁规则','1','/rules/leaseRule.htm','3','admin',now(),'','SM201708311109128401946','CD-CHW000015');
INSERT INTO `tsys_menu` (`code`,`name`,`type`,`url`,`order_no`,`updater`,`update_datetime`,`remark`,`parent_code`,`system_code`) VALUES ('SM2017092000454279577','修改','2','/edit','1','admin',now(),'','SM201709200045213605399','CD-CHW000015');
INSERT INTO `tsys_menu` (`code`,`name`,`type`,`url`,`order_no`,`updater`,`update_datetime`,`remark`,`parent_code`,`system_code`) VALUES ('SM201709200109484276684','认证引导','1','/public/YD_addedit.htm','6','admin',now(),'','HYSM2017121215543215610','CD-CHW000015');
INSERT INTO `tsys_menu` (`code`,`name`,`type`,`url`,`order_no`,`updater`,`update_datetime`,`remark`,`parent_code`,`system_code`) VALUES ('SM201709200110342819581','签到规则','1','/public/qd_addedit.htm','7','admin',now(),'','HYSM2017121215543215610','CD-CHW000015');
INSERT INTO `tsys_menu` (`code`,`name`,`type`,`url`,`order_no`,`updater`,`update_datetime`,`remark`,`parent_code`,`system_code`) VALUES ('SM201709200111212077668','推荐规则','1','/public/tj_addedit.htm','8','admin',now(),'','HYSM2017121215543215610','CD-CHW000015');

/*
-- Query: SELECT `code`,`name`,`level`,'admin' as `updater`,now() as 'update_datetime',`remark`,`system_code` FROM tsys_role where system_code = 'CD-CZH000001'
LIMIT 0, 10000

-- Date: 2017-03-31 10:33
*/
INSERT INTO `tsys_role` (`code`,`name`,`level`,`updater`,`update_datetime`,`remark`,`system_code`) VALUES ('HWSR201700000000000000','超级管理员角色','1','admin',now(),'','CD-CHW000015');
INSERT INTO `tsys_role` (`code`,`name`,`level`,`updater`,`update_datetime`,`remark`,`system_code`) VALUES ('HWSR201700000000000001','自提点管理员角色','1','admin',now(),'','CD-CHW000015');

/*
-- Query: select `role_code`,`menu_code`,`updater`,now() `update_datetime`,`remark`,`system_code` from tsys_menu_role where role_code in ('HWSR201700000000000000','HWSR201700000000000001')
-- Date: 2017-09-14 20:21
*/
INSERT INTO `tsys_menu_role` (`role_code`,`menu_code`,`updater`,`update_datetime`,`remark`,`system_code`) VALUES ('HWSR201700000000000001','HYSM201700000000000000','admin',now(),NULL,'CD-CHW000015');
INSERT INTO `tsys_menu_role` (`role_code`,`menu_code`,`updater`,`update_datetime`,`remark`,`system_code`) VALUES ('HWSR201700000000000001','HYSM201708241036442974134','admin',now(),NULL,'CD-CHW000015');
INSERT INTO `tsys_menu_role` (`role_code`,`menu_code`,`updater`,`update_datetime`,`remark`,`system_code`) VALUES ('HWSR201700000000000001','SM20170904111620313853','admin',now(),NULL,'CD-CHW000015');
INSERT INTO `tsys_menu_role` (`role_code`,`menu_code`,`updater`,`update_datetime`,`remark`,`system_code`) VALUES ('HWSR201700000000000001','SM20170904111719398118','admin',now(),NULL,'CD-CHW000015');
INSERT INTO `tsys_menu_role` (`role_code`,`menu_code`,`updater`,`update_datetime`,`remark`,`system_code`) VALUES ('HWSR201700000000000001','SM201709041118024032933','admin',now(),NULL,'CD-CHW000015');
INSERT INTO `tsys_menu_role` (`role_code`,`menu_code`,`updater`,`update_datetime`,`remark`,`system_code`) VALUES ('HWSR201700000000000001','SM201709041118223106836','admin',now(),NULL,'CD-CHW000015');
INSERT INTO `tsys_menu_role` (`role_code`,`menu_code`,`updater`,`update_datetime`,`remark`,`system_code`) VALUES ('HWSR201700000000000001','SM201709182004136118983','admin',now(),NULL,'CD-CHW000015');
INSERT INTO `tsys_menu_role` (`role_code`,`menu_code`,`updater`,`update_datetime`,`remark`,`system_code`) VALUES ('HWSR201700000000000001','SM201709182023219589311','admin',now(),NULL,'CD-CHW000015');
INSERT INTO `tsys_menu_role` (`role_code`,`menu_code`,`updater`,`update_datetime`,`remark`,`system_code`) VALUES ('HWSR201700000000000001','SM201709182026321357429','admin',now(),NULL,'CD-CHW000015');
INSERT INTO `tsys_menu_role` (`role_code`,`menu_code`,`updater`,`update_datetime`,`remark`,`system_code`) VALUES ('HWSR201700000000000001','SM201709182027072277322','admin',now(),NULL,'CD-CHW000015');
INSERT INTO `tsys_menu_role` (`role_code`,`menu_code`,`updater`,`update_datetime`,`remark`,`system_code`) VALUES ('HWSR201700000000000001','SM201709071345070721899','admin',now(),NULL,'CD-CHW000015');
INSERT INTO `tsys_menu_role` (`role_code`,`menu_code`,`updater`,`update_datetime`,`remark`,`system_code`) VALUES ('HWSR201700000000000001','SM20170907134606092894','admin',now(),NULL,'CD-CHW000015');
INSERT INTO `tsys_menu_role` (`role_code`,`menu_code`,`updater`,`update_datetime`,`remark`,`system_code`) VALUES ('HWSR201700000000000001','SM201709071346594576717','admin',now(),NULL,'CD-CHW000015');
INSERT INTO `tsys_menu_role` (`role_code`,`menu_code`,`updater`,`update_datetime`,`remark`,`system_code`) VALUES ('HWSR201700000000000001','SM201709071347209186733','admin',now(),NULL,'CD-CHW000015');
INSERT INTO `tsys_menu_role` (`role_code`,`menu_code`,`updater`,`update_datetime`,`remark`,`system_code`) VALUES ('HWSR201700000000000001','SM201709160733408354632','admin',now(),NULL,'CD-CHW000015');
INSERT INTO `tsys_menu_role` (`role_code`,`menu_code`,`updater`,`update_datetime`,`remark`,`system_code`) VALUES ('HWSR201700000000000001','SM201709160734263565764','admin',now(),NULL,'CD-CHW000015');
INSERT INTO `tsys_menu_role` (`role_code`,`menu_code`,`updater`,`update_datetime`,`remark`,`system_code`) VALUES ('HWSR201700000000000001','SM201709182027452219637','admin',now(),NULL,'CD-CHW000015');
INSERT INTO `tsys_menu_role` (`role_code`,`menu_code`,`updater`,`update_datetime`,`remark`,`system_code`) VALUES ('HWSR201700000000000001','SM201709182030041775279','admin',now(),NULL,'CD-CHW000015');
INSERT INTO `tsys_menu_role` (`role_code`,`menu_code`,`updater`,`update_datetime`,`remark`,`system_code`) VALUES ('HWSR201700000000000001','SM201709182030320998967','admin',now(),NULL,'CD-CHW000015');
INSERT INTO `tsys_menu_role` (`role_code`,`menu_code`,`updater`,`update_datetime`,`remark`,`system_code`) VALUES ('HWSR201700000000000000','HYSM201700000000000000','admin',now(),NULL,'CD-CHW000015');
INSERT INTO `tsys_menu_role` (`role_code`,`menu_code`,`updater`,`update_datetime`,`remark`,`system_code`) VALUES ('HWSR201700000000000000','HYSM201612071021105964','admin',now(),NULL,'CD-CHW000015');
INSERT INTO `tsys_menu_role` (`role_code`,`menu_code`,`updater`,`update_datetime`,`remark`,`system_code`) VALUES ('HWSR201700000000000000','HYSM2016120710215035834','admin',now(),NULL,'CD-CHW000015');
INSERT INTO `tsys_menu_role` (`role_code`,`menu_code`,`updater`,`update_datetime`,`remark`,`system_code`) VALUES ('HWSR201700000000000000','HYSM201612071029309117','admin',now(),NULL,'CD-CHW000015');
INSERT INTO `tsys_menu_role` (`role_code`,`menu_code`,`updater`,`update_datetime`,`remark`,`system_code`) VALUES ('HWSR201700000000000000','HYSM2016120714062949665','admin',now(),NULL,'CD-CHW000015');
INSERT INTO `tsys_menu_role` (`role_code`,`menu_code`,`updater`,`update_datetime`,`remark`,`system_code`) VALUES ('HWSR201700000000000000','HYSM2016122219561180130','admin',now(),NULL,'CD-CHW000015');
INSERT INTO `tsys_menu_role` (`role_code`,`menu_code`,`updater`,`update_datetime`,`remark`,`system_code`) VALUES ('HWSR201700000000000000','HYSM2016120710341064879','admin',now(),NULL,'CD-CHW000015');
INSERT INTO `tsys_menu_role` (`role_code`,`menu_code`,`updater`,`update_datetime`,`remark`,`system_code`) VALUES ('HWSR201700000000000000','HYSM2016120714343212111','admin',now(),NULL,'CD-CHW000015');
INSERT INTO `tsys_menu_role` (`role_code`,`menu_code`,`updater`,`update_datetime`,`remark`,`system_code`) VALUES ('HWSR201700000000000000','HYSM2016122219573703627','admin',now(),NULL,'CD-CHW000015');
INSERT INTO `tsys_menu_role` (`role_code`,`menu_code`,`updater`,`update_datetime`,`remark`,`system_code`) VALUES ('HWSR201700000000000000','HYSM201612071022206883','admin',now(),NULL,'CD-CHW000015');
INSERT INTO `tsys_menu_role` (`role_code`,`menu_code`,`updater`,`update_datetime`,`remark`,`system_code`) VALUES ('HWSR201700000000000000','HYSM2016120710421392861','admin',now(),NULL,'CD-CHW000015');
INSERT INTO `tsys_menu_role` (`role_code`,`menu_code`,`updater`,`update_datetime`,`remark`,`system_code`) VALUES ('HWSR201700000000000000','HYSM2016120816125733948','admin',now(),NULL,'CD-CHW000015');
INSERT INTO `tsys_menu_role` (`role_code`,`menu_code`,`updater`,`update_datetime`,`remark`,`system_code`) VALUES ('HWSR201700000000000000','HYSM2016120816133940523','admin',now(),NULL,'CD-CHW000015');
INSERT INTO `tsys_menu_role` (`role_code`,`menu_code`,`updater`,`update_datetime`,`remark`,`system_code`) VALUES ('HWSR201700000000000000','HYSM2017022413024043573','admin',now(),NULL,'CD-CHW000015');
INSERT INTO `tsys_menu_role` (`role_code`,`menu_code`,`updater`,`update_datetime`,`remark`,`system_code`) VALUES ('HWSR201700000000000000','HYSM2016120710443551388','admin',now(),NULL,'CD-CHW000015');
INSERT INTO `tsys_menu_role` (`role_code`,`menu_code`,`updater`,`update_datetime`,`remark`,`system_code`) VALUES ('HWSR201700000000000000','HYSM2016120911033945882','admin',now(),NULL,'CD-CHW000015');
INSERT INTO `tsys_menu_role` (`role_code`,`menu_code`,`updater`,`update_datetime`,`remark`,`system_code`) VALUES ('HWSR201700000000000000','HYSM2016120911042060088','admin',now(),NULL,'CD-CHW000015');
INSERT INTO `tsys_menu_role` (`role_code`,`menu_code`,`updater`,`update_datetime`,`remark`,`system_code`) VALUES ('HWSR201700000000000000','HYSM2017022413014074915','admin',now(),NULL,'CD-CHW000015');
INSERT INTO `tsys_menu_role` (`role_code`,`menu_code`,`updater`,`update_datetime`,`remark`,`system_code`) VALUES ('HWSR201700000000000000','HYSM2016120710225078473','admin',now(),NULL,'CD-CHW000015');
INSERT INTO `tsys_menu_role` (`role_code`,`menu_code`,`updater`,`update_datetime`,`remark`,`system_code`) VALUES ('HWSR201700000000000000','HYSM2016120710470696888','admin',now(),NULL,'CD-CHW000015');
INSERT INTO `tsys_menu_role` (`role_code`,`menu_code`,`updater`,`update_datetime`,`remark`,`system_code`) VALUES ('HWSR201700000000000000','HYSM201612091114505291','admin',now(),NULL,'CD-CHW000015');
INSERT INTO `tsys_menu_role` (`role_code`,`menu_code`,`updater`,`update_datetime`,`remark`,`system_code`) VALUES ('HWSR201700000000000000','HYSM2016120911160661084','admin',now(),NULL,'CD-CHW000015');
INSERT INTO `tsys_menu_role` (`role_code`,`menu_code`,`updater`,`update_datetime`,`remark`,`system_code`) VALUES ('HWSR201700000000000000','HYSM2016122219590218515','admin',now(),NULL,'CD-CHW000015');
INSERT INTO `tsys_menu_role` (`role_code`,`menu_code`,`updater`,`update_datetime`,`remark`,`system_code`) VALUES ('HWSR201700000000000000','HYSM2016120710484209132','admin',now(),NULL,'CD-CHW000015');
INSERT INTO `tsys_menu_role` (`role_code`,`menu_code`,`updater`,`update_datetime`,`remark`,`system_code`) VALUES ('HWSR201700000000000000','HYSM2016120911293120195','admin',now(),NULL,'CD-CHW000015');
INSERT INTO `tsys_menu_role` (`role_code`,`menu_code`,`updater`,`update_datetime`,`remark`,`system_code`) VALUES ('HWSR201700000000000000','HYSM2016120911301231346','admin',now(),NULL,'CD-CHW000015');
INSERT INTO `tsys_menu_role` (`role_code`,`menu_code`,`updater`,`update_datetime`,`remark`,`system_code`) VALUES ('HWSR201700000000000000','HYSM2016122220000572417','admin',now(),NULL,'CD-CHW000015');
INSERT INTO `tsys_menu_role` (`role_code`,`menu_code`,`updater`,`update_datetime`,`remark`,`system_code`) VALUES ('HWSR201700000000000000','HYSM2016120710233232137','admin',now(),NULL,'CD-CHW000015');
INSERT INTO `tsys_menu_role` (`role_code`,`menu_code`,`updater`,`update_datetime`,`remark`,`system_code`) VALUES ('HWSR201700000000000000','HYSM2016120710583381112','admin',now(),NULL,'CD-CHW000015');
INSERT INTO `tsys_menu_role` (`role_code`,`menu_code`,`updater`,`update_datetime`,`remark`,`system_code`) VALUES ('HWSR201700000000000000','HYSM2016122317590316953','admin',now(),NULL,'CD-CHW000015');
INSERT INTO `tsys_menu_role` (`role_code`,`menu_code`,`updater`,`update_datetime`,`remark`,`system_code`) VALUES ('HWSR201700000000000000','HYSM2016122412144574736','admin',now(),NULL,'CD-CHW000015');
INSERT INTO `tsys_menu_role` (`role_code`,`menu_code`,`updater`,`update_datetime`,`remark`,`system_code`) VALUES ('HWSR201700000000000000','HYSM2017022412460281492','admin',now(),NULL,'CD-CHW000015');
INSERT INTO `tsys_menu_role` (`role_code`,`menu_code`,`updater`,`update_datetime`,`remark`,`system_code`) VALUES ('HWSR201700000000000000','HYSM2017022412472301488','admin',now(),NULL,'CD-CHW000015');
INSERT INTO `tsys_menu_role` (`role_code`,`menu_code`,`updater`,`update_datetime`,`remark`,`system_code`) VALUES ('HWSR201700000000000000','HYSM2017022412482059354','admin',now(),NULL,'CD-CHW000015');
INSERT INTO `tsys_menu_role` (`role_code`,`menu_code`,`updater`,`update_datetime`,`remark`,`system_code`) VALUES ('HWSR201700000000000000','HYSM2016120710242555432','admin',now(),NULL,'CD-CHW000015');
INSERT INTO `tsys_menu_role` (`role_code`,`menu_code`,`updater`,`update_datetime`,`remark`,`system_code`) VALUES ('HWSR201700000000000000','HYSM2016120711034365344','admin',now(),NULL,'CD-CHW000015');
INSERT INTO `tsys_menu_role` (`role_code`,`menu_code`,`updater`,`update_datetime`,`remark`,`system_code`) VALUES ('HWSR201700000000000000','HYSM2016122317325464966','admin',now(),NULL,'CD-CHW000015');
INSERT INTO `tsys_menu_role` (`role_code`,`menu_code`,`updater`,`update_datetime`,`remark`,`system_code`) VALUES ('HWSR201700000000000000','HYSM2016122413512505485','admin',now(),NULL,'CD-CHW000015');
INSERT INTO `tsys_menu_role` (`role_code`,`menu_code`,`updater`,`update_datetime`,`remark`,`system_code`) VALUES ('HWSR201700000000000000','HYSM2017040616443747740','admin',now(),NULL,'CD-CHW000015');
INSERT INTO `tsys_menu_role` (`role_code`,`menu_code`,`updater`,`update_datetime`,`remark`,`system_code`) VALUES ('HWSR201700000000000000','HYSM2017050810454898238','admin',now(),NULL,'CD-CHW000015');
INSERT INTO `tsys_menu_role` (`role_code`,`menu_code`,`updater`,`update_datetime`,`remark`,`system_code`) VALUES ('HWSR201700000000000000','HYSM2017051511323094138','admin',now(),NULL,'CD-CHW000015');
INSERT INTO `tsys_menu_role` (`role_code`,`menu_code`,`updater`,`update_datetime`,`remark`,`system_code`) VALUES ('HWSR201700000000000000','HYSM2017052014005252645','admin',now(),NULL,'CD-CHW000015');
INSERT INTO `tsys_menu_role` (`role_code`,`menu_code`,`updater`,`update_datetime`,`remark`,`system_code`) VALUES ('HWSR201700000000000000','HYSM2017052014013690196','admin',now(),NULL,'CD-CHW000015');
INSERT INTO `tsys_menu_role` (`role_code`,`menu_code`,`updater`,`update_datetime`,`remark`,`system_code`) VALUES ('HWSR201700000000000000','HYSM201707251147233303780','admin',now(),NULL,'CD-CHW000015');
INSERT INTO `tsys_menu_role` (`role_code`,`menu_code`,`updater`,`update_datetime`,`remark`,`system_code`) VALUES ('HWSR201700000000000000','HYSM201707251320494186231','admin',now(),NULL,'CD-CHW000015');
INSERT INTO `tsys_menu_role` (`role_code`,`menu_code`,`updater`,`update_datetime`,`remark`,`system_code`) VALUES ('HWSR201700000000000000','SM201709200035015545112','admin',now(),NULL,'CD-CHW000015');
INSERT INTO `tsys_menu_role` (`role_code`,`menu_code`,`updater`,`update_datetime`,`remark`,`system_code`) VALUES ('HWSR201700000000000000','HYSM201707251143314118180','admin',now(),NULL,'CD-CHW000015');
INSERT INTO `tsys_menu_role` (`role_code`,`menu_code`,`updater`,`update_datetime`,`remark`,`system_code`) VALUES ('HWSR201700000000000000','HYSM2016120711021944714','admin',now(),NULL,'CD-CHW000015');
INSERT INTO `tsys_menu_role` (`role_code`,`menu_code`,`updater`,`update_datetime`,`remark`,`system_code`) VALUES ('HWSR201700000000000000','HYSM2016122317321369746','admin',now(),NULL,'CD-CHW000015');
INSERT INTO `tsys_menu_role` (`role_code`,`menu_code`,`updater`,`update_datetime`,`remark`,`system_code`) VALUES ('HWSR201700000000000000','HYSM2016122413510161245','admin',now(),NULL,'CD-CHW000015');
INSERT INTO `tsys_menu_role` (`role_code`,`menu_code`,`updater`,`update_datetime`,`remark`,`system_code`) VALUES ('HWSR201700000000000000','HYSM2017040616442519963','admin',now(),NULL,'CD-CHW000015');
INSERT INTO `tsys_menu_role` (`role_code`,`menu_code`,`updater`,`update_datetime`,`remark`,`system_code`) VALUES ('HWSR201700000000000000','HYSM201705151132544318','admin',now(),NULL,'CD-CHW000015');
INSERT INTO `tsys_menu_role` (`role_code`,`menu_code`,`updater`,`update_datetime`,`remark`,`system_code`) VALUES ('HWSR201700000000000000','HYSM201707251148117352030','admin',now(),NULL,'CD-CHW000015');
INSERT INTO `tsys_menu_role` (`role_code`,`menu_code`,`updater`,`update_datetime`,`remark`,`system_code`) VALUES ('HWSR201700000000000000','HYSM201707251331497821971','admin',now(),NULL,'CD-CHW000015');
INSERT INTO `tsys_menu_role` (`role_code`,`menu_code`,`updater`,`update_datetime`,`remark`,`system_code`) VALUES ('HWSR201700000000000000','SM201709200034130037284','admin',now(),NULL,'CD-CHW000015');
INSERT INTO `tsys_menu_role` (`role_code`,`menu_code`,`updater`,`update_datetime`,`remark`,`system_code`) VALUES ('HWSR201700000000000000','HYSM201700001000000001','admin',now(),NULL,'CD-CHW000015');
INSERT INTO `tsys_menu_role` (`role_code`,`menu_code`,`updater`,`update_datetime`,`remark`,`system_code`) VALUES ('HWSR201700000000000000','HYSM201700001000000002','admin',now(),NULL,'CD-CHW000015');
INSERT INTO `tsys_menu_role` (`role_code`,`menu_code`,`updater`,`update_datetime`,`remark`,`system_code`) VALUES ('HWSR201700000000000000','HYSM201700001000000003','admin',now(),NULL,'CD-CHW000015');
INSERT INTO `tsys_menu_role` (`role_code`,`menu_code`,`updater`,`update_datetime`,`remark`,`system_code`) VALUES ('HWSR201700000000000000','HYSM2017032911200961325','admin',now(),NULL,'CD-CHW000015');
INSERT INTO `tsys_menu_role` (`role_code`,`menu_code`,`updater`,`update_datetime`,`remark`,`system_code`) VALUES ('HWSR201700000000000000','HYSM201707251006045006005','admin',now(),NULL,'CD-CHW000015');
INSERT INTO `tsys_menu_role` (`role_code`,`menu_code`,`updater`,`update_datetime`,`remark`,`system_code`) VALUES ('HWSR201700000000000000','HYSM2017033020005366333','admin',now(),NULL,'CD-CHW000015');
INSERT INTO `tsys_menu_role` (`role_code`,`menu_code`,`updater`,`update_datetime`,`remark`,`system_code`) VALUES ('HWSR201700000000000000','HYSM2017033020015631166','admin',now(),NULL,'CD-CHW000015');
INSERT INTO `tsys_menu_role` (`role_code`,`menu_code`,`updater`,`update_datetime`,`remark`,`system_code`) VALUES ('HWSR201700000000000000','HYSM2017033020021094115','admin',now(),NULL,'CD-CHW000015');
INSERT INTO `tsys_menu_role` (`role_code`,`menu_code`,`updater`,`update_datetime`,`remark`,`system_code`) VALUES ('HWSR201700000000000000','HYSM2017033020022649991','admin',now(),NULL,'CD-CHW000015');
INSERT INTO `tsys_menu_role` (`role_code`,`menu_code`,`updater`,`update_datetime`,`remark`,`system_code`) VALUES ('HWSR201700000000000000','HYSM2017033020024827112','admin',now(),NULL,'CD-CHW000015');
INSERT INTO `tsys_menu_role` (`role_code`,`menu_code`,`updater`,`update_datetime`,`remark`,`system_code`) VALUES ('HWSR201700000000000000','HYSM2017101716241339082','admin',now(),NULL,'CD-CHW000015');
INSERT INTO `tsys_menu_role` (`role_code`,`menu_code`,`updater`,`update_datetime`,`remark`,`system_code`) VALUES ('HWSR201700000000000000','HYSM2017101716253866426','admin',now(),NULL,'CD-CHW000015');
INSERT INTO `tsys_menu_role` (`role_code`,`menu_code`,`updater`,`update_datetime`,`remark`,`system_code`) VALUES ('HWSR201700000000000000','HYSM2017101716450533995','admin',now(),NULL,'CD-CHW000015');
INSERT INTO `tsys_menu_role` (`role_code`,`menu_code`,`updater`,`update_datetime`,`remark`,`system_code`) VALUES ('HWSR201700000000000000','HYSM2017101717551955993','admin',now(),NULL,'CD-CHW000015');
INSERT INTO `tsys_menu_role` (`role_code`,`menu_code`,`updater`,`update_datetime`,`remark`,`system_code`) VALUES ('HWSR201700000000000000','HYSM2017101717560118734','admin',now(),NULL,'CD-CHW000015');
INSERT INTO `tsys_menu_role` (`role_code`,`menu_code`,`updater`,`update_datetime`,`remark`,`system_code`) VALUES ('HWSR201700000000000000','HYSM2017101717563661357','admin',now(),NULL,'CD-CHW000015');
INSERT INTO `tsys_menu_role` (`role_code`,`menu_code`,`updater`,`update_datetime`,`remark`,`system_code`) VALUES ('HWSR201700000000000000','HYSM2017101716261754674','admin',now(),NULL,'CD-CHW000015');
INSERT INTO `tsys_menu_role` (`role_code`,`menu_code`,`updater`,`update_datetime`,`remark`,`system_code`) VALUES ('HWSR201700000000000000','HYSM2017101719082391126','admin',now(),NULL,'CD-CHW000015');
INSERT INTO `tsys_menu_role` (`role_code`,`menu_code`,`updater`,`update_datetime`,`remark`,`system_code`) VALUES ('HWSR201700000000000000','HYSM2017101719094151894','admin',now(),NULL,'CD-CHW000015');
INSERT INTO `tsys_menu_role` (`role_code`,`menu_code`,`updater`,`update_datetime`,`remark`,`system_code`) VALUES ('HWSR201700000000000000','HYSM2017101719100760088','admin',now(),NULL,'CD-CHW000015');
INSERT INTO `tsys_menu_role` (`role_code`,`menu_code`,`updater`,`update_datetime`,`remark`,`system_code`) VALUES ('HWSR201700000000000000','HYSM2017101719110981215','admin',now(),NULL,'CD-CHW000015');
INSERT INTO `tsys_menu_role` (`role_code`,`menu_code`,`updater`,`update_datetime`,`remark`,`system_code`) VALUES ('HWSR201700000000000000','HYSM2017120610552303416','admin',now(),NULL,'CD-CHW000015');
INSERT INTO `tsys_menu_role` (`role_code`,`menu_code`,`updater`,`update_datetime`,`remark`,`system_code`) VALUES ('HWSR201700000000000000','HYSM2017112911152991684','admin',now(),NULL,'CD-CHW000015');
INSERT INTO `tsys_menu_role` (`role_code`,`menu_code`,`updater`,`update_datetime`,`remark`,`system_code`) VALUES ('HWSR201700000000000000','HYSM2017112911280249973','admin',now(),NULL,'CD-CHW000015');
INSERT INTO `tsys_menu_role` (`role_code`,`menu_code`,`updater`,`update_datetime`,`remark`,`system_code`) VALUES ('HWSR201700000000000000','HYSM2017112914292031228','admin',now(),NULL,'CD-CHW000015');
INSERT INTO `tsys_menu_role` (`role_code`,`menu_code`,`updater`,`update_datetime`,`remark`,`system_code`) VALUES ('HWSR201700000000000000','HYSM2017112914295002950','admin',now(),NULL,'CD-CHW000015');
INSERT INTO `tsys_menu_role` (`role_code`,`menu_code`,`updater`,`update_datetime`,`remark`,`system_code`) VALUES ('HWSR201700000000000000','HYSM2017112914322481897','admin',now(),NULL,'CD-CHW000015');
INSERT INTO `tsys_menu_role` (`role_code`,`menu_code`,`updater`,`update_datetime`,`remark`,`system_code`) VALUES ('HWSR201700000000000000','HYSM2017112914325471772','admin',now(),NULL,'CD-CHW000015');
INSERT INTO `tsys_menu_role` (`role_code`,`menu_code`,`updater`,`update_datetime`,`remark`,`system_code`) VALUES ('HWSR201700000000000000','HYSM2017121215543215610','admin',now(),NULL,'CD-CHW000015');
INSERT INTO `tsys_menu_role` (`role_code`,`menu_code`,`updater`,`update_datetime`,`remark`,`system_code`) VALUES ('HWSR201700000000000000','HYSM201708241027280514724','admin',now(),NULL,'CD-CHW000015');
INSERT INTO `tsys_menu_role` (`role_code`,`menu_code`,`updater`,`update_datetime`,`remark`,`system_code`) VALUES ('HWSR201700000000000000','HYSM201708241027559375318','admin',now(),NULL,'CD-CHW000015');
INSERT INTO `tsys_menu_role` (`role_code`,`menu_code`,`updater`,`update_datetime`,`remark`,`system_code`) VALUES ('HWSR201700000000000000','HYSM2017121216045274832','admin',now(),NULL,'CD-CHW000015');
INSERT INTO `tsys_menu_role` (`role_code`,`menu_code`,`updater`,`update_datetime`,`remark`,`system_code`) VALUES ('HWSR201700000000000000','SM201709051039071706082','admin',now(),NULL,'CD-CHW000015');
INSERT INTO `tsys_menu_role` (`role_code`,`menu_code`,`updater`,`update_datetime`,`remark`,`system_code`) VALUES ('HWSR201700000000000000','SM201709051040300724479','admin',now(),NULL,'CD-CHW000015');
INSERT INTO `tsys_menu_role` (`role_code`,`menu_code`,`updater`,`update_datetime`,`remark`,`system_code`) VALUES ('HWSR201700000000000000','SM201709182141003858247','admin',now(),NULL,'CD-CHW000015');
INSERT INTO `tsys_menu_role` (`role_code`,`menu_code`,`updater`,`update_datetime`,`remark`,`system_code`) VALUES ('HWSR201700000000000000','SM201709200109484276684','admin',now(),NULL,'CD-CHW000015');
INSERT INTO `tsys_menu_role` (`role_code`,`menu_code`,`updater`,`update_datetime`,`remark`,`system_code`) VALUES ('HWSR201700000000000000','SM201709200110342819581','admin',now(),NULL,'CD-CHW000015');
INSERT INTO `tsys_menu_role` (`role_code`,`menu_code`,`updater`,`update_datetime`,`remark`,`system_code`) VALUES ('HWSR201700000000000000','SM201709200111212077668','admin',now(),NULL,'CD-CHW000015');
INSERT INTO `tsys_menu_role` (`role_code`,`menu_code`,`updater`,`update_datetime`,`remark`,`system_code`) VALUES ('HWSR201700000000000000','HYSM201708241036442974134','admin',now(),NULL,'CD-CHW000015');
INSERT INTO `tsys_menu_role` (`role_code`,`menu_code`,`updater`,`update_datetime`,`remark`,`system_code`) VALUES ('HWSR201700000000000000','SM201708291930014073660','admin',now(),NULL,'CD-CHW000015');
INSERT INTO `tsys_menu_role` (`role_code`,`menu_code`,`updater`,`update_datetime`,`remark`,`system_code`) VALUES ('HWSR201700000000000000','SM201708291930494842386','admin',now(),NULL,'CD-CHW000015');
INSERT INTO `tsys_menu_role` (`role_code`,`menu_code`,`updater`,`update_datetime`,`remark`,`system_code`) VALUES ('HWSR201700000000000000','SM201708291931040386241','admin',now(),NULL,'CD-CHW000015');
INSERT INTO `tsys_menu_role` (`role_code`,`menu_code`,`updater`,`update_datetime`,`remark`,`system_code`) VALUES ('HWSR201700000000000000','SM201708291931261171931','admin',now(),NULL,'CD-CHW000015');
INSERT INTO `tsys_menu_role` (`role_code`,`menu_code`,`updater`,`update_datetime`,`remark`,`system_code`) VALUES ('HWSR201700000000000000','SM201708291931473571615','admin',now(),NULL,'CD-CHW000015');
INSERT INTO `tsys_menu_role` (`role_code`,`menu_code`,`updater`,`update_datetime`,`remark`,`system_code`) VALUES ('HWSR201700000000000000','SM201708291932039175493','admin',now(),NULL,'CD-CHW000015');
INSERT INTO `tsys_menu_role` (`role_code`,`menu_code`,`updater`,`update_datetime`,`remark`,`system_code`) VALUES ('HWSR201700000000000000','SM201709061106397598059','admin',now(),NULL,'CD-CHW000015');
INSERT INTO `tsys_menu_role` (`role_code`,`menu_code`,`updater`,`update_datetime`,`remark`,`system_code`) VALUES ('HWSR201700000000000000','SM201708291932304117343','admin',now(),NULL,'CD-CHW000015');
INSERT INTO `tsys_menu_role` (`role_code`,`menu_code`,`updater`,`update_datetime`,`remark`,`system_code`) VALUES ('HWSR201700000000000000','SM201708291932434002397','admin',now(),NULL,'CD-CHW000015');
INSERT INTO `tsys_menu_role` (`role_code`,`menu_code`,`updater`,`update_datetime`,`remark`,`system_code`) VALUES ('HWSR201700000000000000','SM201708291932566766069','admin',now(),NULL,'CD-CHW000015');
INSERT INTO `tsys_menu_role` (`role_code`,`menu_code`,`updater`,`update_datetime`,`remark`,`system_code`) VALUES ('HWSR201700000000000000','SM201708291933106875979','admin',now(),NULL,'CD-CHW000015');
INSERT INTO `tsys_menu_role` (`role_code`,`menu_code`,`updater`,`update_datetime`,`remark`,`system_code`) VALUES ('HWSR201700000000000000','SM20170829193325533856','admin',now(),NULL,'CD-CHW000015');
INSERT INTO `tsys_menu_role` (`role_code`,`menu_code`,`updater`,`update_datetime`,`remark`,`system_code`) VALUES ('HWSR201700000000000000','SM201708291934202048647','admin',now(),NULL,'CD-CHW000015');
INSERT INTO `tsys_menu_role` (`role_code`,`menu_code`,`updater`,`update_datetime`,`remark`,`system_code`) VALUES ('HWSR201700000000000000','SM201709121058241429142','admin',now(),NULL,'CD-CHW000015');
INSERT INTO `tsys_menu_role` (`role_code`,`menu_code`,`updater`,`update_datetime`,`remark`,`system_code`) VALUES ('HWSR201700000000000000','SM201708291934472906901','admin',now(),NULL,'CD-CHW000015');
INSERT INTO `tsys_menu_role` (`role_code`,`menu_code`,`updater`,`update_datetime`,`remark`,`system_code`) VALUES ('HWSR201700000000000000','SM201708291937326861291','admin',now(),NULL,'CD-CHW000015');
INSERT INTO `tsys_menu_role` (`role_code`,`menu_code`,`updater`,`update_datetime`,`remark`,`system_code`) VALUES ('HWSR201700000000000000','SM201708291938515336782','admin',now(),NULL,'CD-CHW000015');
INSERT INTO `tsys_menu_role` (`role_code`,`menu_code`,`updater`,`update_datetime`,`remark`,`system_code`) VALUES ('HWSR201700000000000000','SM201708291946488068620','admin',now(),NULL,'CD-CHW000015');
INSERT INTO `tsys_menu_role` (`role_code`,`menu_code`,`updater`,`update_datetime`,`remark`,`system_code`) VALUES ('HWSR201700000000000000','SM201708291947153554840','admin',now(),NULL,'CD-CHW000015');
INSERT INTO `tsys_menu_role` (`role_code`,`menu_code`,`updater`,`update_datetime`,`remark`,`system_code`) VALUES ('HWSR201700000000000000','SM201708291947538759230','admin',now(),NULL,'CD-CHW000015');
INSERT INTO `tsys_menu_role` (`role_code`,`menu_code`,`updater`,`update_datetime`,`remark`,`system_code`) VALUES ('HWSR201700000000000000','SM201708291948139309200','admin',now(),NULL,'CD-CHW000015');
INSERT INTO `tsys_menu_role` (`role_code`,`menu_code`,`updater`,`update_datetime`,`remark`,`system_code`) VALUES ('HWSR201700000000000000','SM201708291948345693378','admin',now(),NULL,'CD-CHW000015');
INSERT INTO `tsys_menu_role` (`role_code`,`menu_code`,`updater`,`update_datetime`,`remark`,`system_code`) VALUES ('HWSR201700000000000000','SM201708311108348702445','admin',now(),NULL,'CD-CHW000015');
INSERT INTO `tsys_menu_role` (`role_code`,`menu_code`,`updater`,`update_datetime`,`remark`,`system_code`) VALUES ('HWSR201700000000000000','SM201709061029596375744','admin',now(),NULL,'CD-CHW000015');
INSERT INTO `tsys_menu_role` (`role_code`,`menu_code`,`updater`,`update_datetime`,`remark`,`system_code`) VALUES ('HWSR201700000000000000','SM201709061033080519717','admin',now(),NULL,'CD-CHW000015');
INSERT INTO `tsys_menu_role` (`role_code`,`menu_code`,`updater`,`update_datetime`,`remark`,`system_code`) VALUES ('HWSR201700000000000000','SM201709061034237764640','admin',now(),NULL,'CD-CHW000015');
INSERT INTO `tsys_menu_role` (`role_code`,`menu_code`,`updater`,`update_datetime`,`remark`,`system_code`) VALUES ('HWSR201700000000000000','SM201709061034473801526','admin',now(),NULL,'CD-CHW000015');
INSERT INTO `tsys_menu_role` (`role_code`,`menu_code`,`updater`,`update_datetime`,`remark`,`system_code`) VALUES ('HWSR201700000000000000','SM201709061035085694290','admin',now(),NULL,'CD-CHW000015');
INSERT INTO `tsys_menu_role` (`role_code`,`menu_code`,`updater`,`update_datetime`,`remark`,`system_code`) VALUES ('HWSR201700000000000000','SM201709061035319233340','admin',now(),NULL,'CD-CHW000015');
INSERT INTO `tsys_menu_role` (`role_code`,`menu_code`,`updater`,`update_datetime`,`remark`,`system_code`) VALUES ('HWSR201700000000000000','SM201709061030595294244','admin',now(),NULL,'CD-CHW000015');
INSERT INTO `tsys_menu_role` (`role_code`,`menu_code`,`updater`,`update_datetime`,`remark`,`system_code`) VALUES ('HWSR201700000000000000','SM201709061036053943850','admin',now(),NULL,'CD-CHW000015');
INSERT INTO `tsys_menu_role` (`role_code`,`menu_code`,`updater`,`update_datetime`,`remark`,`system_code`) VALUES ('HWSR201700000000000000','SM201709061036376865149','admin',now(),NULL,'CD-CHW000015');
INSERT INTO `tsys_menu_role` (`role_code`,`menu_code`,`updater`,`update_datetime`,`remark`,`system_code`) VALUES ('HWSR201700000000000000','SM201709061036587486376','admin',now(),NULL,'CD-CHW000015');
INSERT INTO `tsys_menu_role` (`role_code`,`menu_code`,`updater`,`update_datetime`,`remark`,`system_code`) VALUES ('HWSR201700000000000000','SM201709061037146725186','admin',now(),NULL,'CD-CHW000015');
INSERT INTO `tsys_menu_role` (`role_code`,`menu_code`,`updater`,`update_datetime`,`remark`,`system_code`) VALUES ('HWSR201700000000000000','SM201709061037461284976','admin',now(),NULL,'CD-CHW000015');
INSERT INTO `tsys_menu_role` (`role_code`,`menu_code`,`updater`,`update_datetime`,`remark`,`system_code`) VALUES ('HWSR201700000000000000','SM201709121059089525714','admin',now(),NULL,'CD-CHW000015');
INSERT INTO `tsys_menu_role` (`role_code`,`menu_code`,`updater`,`update_datetime`,`remark`,`system_code`) VALUES ('HWSR201700000000000000','SM201709061032077216968','admin',now(),NULL,'CD-CHW000015');
INSERT INTO `tsys_menu_role` (`role_code`,`menu_code`,`updater`,`update_datetime`,`remark`,`system_code`) VALUES ('HWSR201700000000000000','SM201709061702237555420','admin',now(),NULL,'CD-CHW000015');
INSERT INTO `tsys_menu_role` (`role_code`,`menu_code`,`updater`,`update_datetime`,`remark`,`system_code`) VALUES ('HWSR201700000000000000','SM201709061703090499458','admin',now(),NULL,'CD-CHW000015');
INSERT INTO `tsys_menu_role` (`role_code`,`menu_code`,`updater`,`update_datetime`,`remark`,`system_code`) VALUES ('HWSR201700000000000000','SM201709061703298671734','admin',now(),NULL,'CD-CHW000015');
INSERT INTO `tsys_menu_role` (`role_code`,`menu_code`,`updater`,`update_datetime`,`remark`,`system_code`) VALUES ('HWSR201700000000000000','SM201709071539309709059','admin',now(),NULL,'CD-CHW000015');
INSERT INTO `tsys_menu_role` (`role_code`,`menu_code`,`updater`,`update_datetime`,`remark`,`system_code`) VALUES ('HWSR201700000000000000','SM201709071903173771816','admin',now(),NULL,'CD-CHW000015');
INSERT INTO `tsys_menu_role` (`role_code`,`menu_code`,`updater`,`update_datetime`,`remark`,`system_code`) VALUES ('HWSR201700000000000000','SM201709072032277674988','admin',now(),NULL,'CD-CHW000015');
INSERT INTO `tsys_menu_role` (`role_code`,`menu_code`,`updater`,`update_datetime`,`remark`,`system_code`) VALUES ('HWSR201700000000000000','SM201709072033200218734','admin',now(),NULL,'CD-CHW000015');
INSERT INTO `tsys_menu_role` (`role_code`,`menu_code`,`updater`,`update_datetime`,`remark`,`system_code`) VALUES ('HWSR201700000000000000','SM201709072033446349734','admin',now(),NULL,'CD-CHW000015');
INSERT INTO `tsys_menu_role` (`role_code`,`menu_code`,`updater`,`update_datetime`,`remark`,`system_code`) VALUES ('HWSR201700000000000000','SM201709121657144777758','admin',now(),NULL,'CD-CHW000015');
INSERT INTO `tsys_menu_role` (`role_code`,`menu_code`,`updater`,`update_datetime`,`remark`,`system_code`) VALUES ('HWSR201700000000000000','SM201709121658111782583','admin',now(),NULL,'CD-CHW000015');
INSERT INTO `tsys_menu_role` (`role_code`,`menu_code`,`updater`,`update_datetime`,`remark`,`system_code`) VALUES ('HWSR201700000000000000','SM201709121658330877827','admin',now(),NULL,'CD-CHW000015');
INSERT INTO `tsys_menu_role` (`role_code`,`menu_code`,`updater`,`update_datetime`,`remark`,`system_code`) VALUES ('HWSR201700000000000000','SM201708311109128401946','admin',now(),NULL,'CD-CHW000015');
INSERT INTO `tsys_menu_role` (`role_code`,`menu_code`,`updater`,`update_datetime`,`remark`,`system_code`) VALUES ('HWSR201700000000000000','SM201709111226578907591','admin',now(),NULL,'CD-CHW000015');
INSERT INTO `tsys_menu_role` (`role_code`,`menu_code`,`updater`,`update_datetime`,`remark`,`system_code`) VALUES ('HWSR201700000000000000','SM201709111227283933403','admin',now(),NULL,'CD-CHW000015');
INSERT INTO `tsys_menu_role` (`role_code`,`menu_code`,`updater`,`update_datetime`,`remark`,`system_code`) VALUES ('HWSR201700000000000000','SM201709161019040374118','admin',now(),NULL,'CD-CHW000015');
INSERT INTO `tsys_menu_role` (`role_code`,`menu_code`,`updater`,`update_datetime`,`remark`,`system_code`) VALUES ('HWSR201700000000000000','SM201709161019295139434','admin',now(),NULL,'CD-CHW000015');
INSERT INTO `tsys_menu_role` (`role_code`,`menu_code`,`updater`,`update_datetime`,`remark`,`system_code`) VALUES ('HWSR201700000000000000','SM201709200044141973765','admin',now(),NULL,'CD-CHW000015');
INSERT INTO `tsys_menu_role` (`role_code`,`menu_code`,`updater`,`update_datetime`,`remark`,`system_code`) VALUES ('HWSR201700000000000000','SM201709200044421452470','admin',now(),NULL,'CD-CHW000015');
INSERT INTO `tsys_menu_role` (`role_code`,`menu_code`,`updater`,`update_datetime`,`remark`,`system_code`) VALUES ('HWSR201700000000000000','SM201709200045213605399','admin',now(),NULL,'CD-CHW000015');
INSERT INTO `tsys_menu_role` (`role_code`,`menu_code`,`updater`,`update_datetime`,`remark`,`system_code`) VALUES ('HWSR201700000000000000','SM2017092000454279577','admin',now(),NULL,'CD-CHW000015');
INSERT INTO `tsys_menu_role` (`role_code`,`menu_code`,`updater`,`update_datetime`,`remark`,`system_code`) VALUES ('HWSR201700000000000000','SM201708311109281904152','admin',now(),NULL,'CD-CHW000015');
INSERT INTO `tsys_menu_role` (`role_code`,`menu_code`,`updater`,`update_datetime`,`remark`,`system_code`) VALUES ('HWSR201700000000000000','SM201708311130585876317','admin',now(),NULL,'CD-CHW000015');
INSERT INTO `tsys_menu_role` (`role_code`,`menu_code`,`updater`,`update_datetime`,`remark`,`system_code`) VALUES ('HWSR201700000000000000','SM201708312131157986140','admin',now(),NULL,'CD-CHW000015');
INSERT INTO `tsys_menu_role` (`role_code`,`menu_code`,`updater`,`update_datetime`,`remark`,`system_code`) VALUES ('HWSR201700000000000000','SM201708312131380887329','admin',now(),NULL,'CD-CHW000015');
INSERT INTO `tsys_menu_role` (`role_code`,`menu_code`,`updater`,`update_datetime`,`remark`,`system_code`) VALUES ('HWSR201700000000000000','SM201708312131580192222','admin',now(),NULL,'CD-CHW000015');
INSERT INTO `tsys_menu_role` (`role_code`,`menu_code`,`updater`,`update_datetime`,`remark`,`system_code`) VALUES ('HWSR201700000000000000','SM201708312132217202694','admin',now(),NULL,'CD-CHW000015');
INSERT INTO `tsys_menu_role` (`role_code`,`menu_code`,`updater`,`update_datetime`,`remark`,`system_code`) VALUES ('HWSR201700000000000000','SM201708311110370799696','admin',now(),NULL,'CD-CHW000015');
INSERT INTO `tsys_menu_role` (`role_code`,`menu_code`,`updater`,`update_datetime`,`remark`,`system_code`) VALUES ('HWSR201700000000000000','SM201709011057131572745','admin',now(),NULL,'CD-CHW000015');
INSERT INTO `tsys_menu_role` (`role_code`,`menu_code`,`updater`,`update_datetime`,`remark`,`system_code`) VALUES ('HWSR201700000000000000','SM201709011057405779161','admin',now(),NULL,'CD-CHW000015');
INSERT INTO `tsys_menu_role` (`role_code`,`menu_code`,`updater`,`update_datetime`,`remark`,`system_code`) VALUES ('HWSR201700000000000000','SM201709011058437492370','admin',now(),NULL,'CD-CHW000015');
INSERT INTO `tsys_menu_role` (`role_code`,`menu_code`,`updater`,`update_datetime`,`remark`,`system_code`) VALUES ('HWSR201700000000000000','SM201709011059109696981','admin',now(),NULL,'CD-CHW000015');
INSERT INTO `tsys_menu_role` (`role_code`,`menu_code`,`updater`,`update_datetime`,`remark`,`system_code`) VALUES ('HWSR201700000000000000','SM20170901105938613505','admin',now(),NULL,'CD-CHW000015');
INSERT INTO `tsys_menu_role` (`role_code`,`menu_code`,`updater`,`update_datetime`,`remark`,`system_code`) VALUES ('HWSR201700000000000000','SM201709011100131995377','admin',now(),NULL,'CD-CHW000015');
INSERT INTO `tsys_menu_role` (`role_code`,`menu_code`,`updater`,`update_datetime`,`remark`,`system_code`) VALUES ('HWSR201700000000000000','SM201709011100571395926','admin',now(),NULL,'CD-CHW000015');
INSERT INTO `tsys_menu_role` (`role_code`,`menu_code`,`updater`,`update_datetime`,`remark`,`system_code`) VALUES ('HWSR201700000000000000','SM201709052014039096114','admin',now(),NULL,'CD-CHW000015');
INSERT INTO `tsys_menu_role` (`role_code`,`menu_code`,`updater`,`update_datetime`,`remark`,`system_code`) VALUES ('HWSR201700000000000000','SM201709052014597021316','admin',now(),NULL,'CD-CHW000015');
INSERT INTO `tsys_menu_role` (`role_code`,`menu_code`,`updater`,`update_datetime`,`remark`,`system_code`) VALUES ('HWSR201700000000000000','SM201709052024399142353','admin',now(),NULL,'CD-CHW000015');
INSERT INTO `tsys_menu_role` (`role_code`,`menu_code`,`updater`,`update_datetime`,`remark`,`system_code`) VALUES ('HWSR201700000000000000','SM201709052025148715038','admin',now(),NULL,'CD-CHW000015');
INSERT INTO `tsys_menu_role` (`role_code`,`menu_code`,`updater`,`update_datetime`,`remark`,`system_code`) VALUES ('HWSR201700000000000000','SM201709052025331219659','admin',now(),NULL,'CD-CHW000015');
INSERT INTO `tsys_menu_role` (`role_code`,`menu_code`,`updater`,`update_datetime`,`remark`,`system_code`) VALUES ('HWSR201700000000000000','SM201709052025546116884','admin',now(),NULL,'CD-CHW000015');
INSERT INTO `tsys_menu_role` (`role_code`,`menu_code`,`updater`,`update_datetime`,`remark`,`system_code`) VALUES ('HWSR201700000000000000','SM201709052027074229537','admin',now(),NULL,'CD-CHW000015');
INSERT INTO `tsys_menu_role` (`role_code`,`menu_code`,`updater`,`update_datetime`,`remark`,`system_code`) VALUES ('HWSR201700000000000000','SM201709052016061269858','admin',now(),NULL,'CD-CHW000015');
INSERT INTO `tsys_menu_role` (`role_code`,`menu_code`,`updater`,`update_datetime`,`remark`,`system_code`) VALUES ('HWSR201700000000000000','SM201709052138578985993','admin',now(),NULL,'CD-CHW000015');
INSERT INTO `tsys_menu_role` (`role_code`,`menu_code`,`updater`,`update_datetime`,`remark`,`system_code`) VALUES ('HWSR201700000000000000','SM20170905213929548769','admin',now(),NULL,'CD-CHW000015');
INSERT INTO `tsys_menu_role` (`role_code`,`menu_code`,`updater`,`update_datetime`,`remark`,`system_code`) VALUES ('HWSR201700000000000000','SM201709052140368699812','admin',now(),NULL,'CD-CHW000015');
INSERT INTO `tsys_menu_role` (`role_code`,`menu_code`,`updater`,`update_datetime`,`remark`,`system_code`) VALUES ('HWSR201700000000000000','SM201709111011459092484','admin',now(),NULL,'CD-CHW000015');
INSERT INTO `tsys_menu_role` (`role_code`,`menu_code`,`updater`,`update_datetime`,`remark`,`system_code`) VALUES ('HWSR201700000000000000','SM201709111012547147425','admin',now(),NULL,'CD-CHW000015');
INSERT INTO `tsys_menu_role` (`role_code`,`menu_code`,`updater`,`update_datetime`,`remark`,`system_code`) VALUES ('HWSR201700000000000000','SM201709111013222355586','admin',now(),NULL,'CD-CHW000015');
INSERT INTO `tsys_menu_role` (`role_code`,`menu_code`,`updater`,`update_datetime`,`remark`,`system_code`) VALUES ('HWSR201700000000000000','SM201709111013444552925','admin',now(),NULL,'CD-CHW000015');
INSERT INTO `tsys_menu_role` (`role_code`,`menu_code`,`updater`,`update_datetime`,`remark`,`system_code`) VALUES ('HWSR201700000000000000','SM201709111119331949778','admin',now(),NULL,'CD-CHW000015');
INSERT INTO `tsys_menu_role` (`role_code`,`menu_code`,`updater`,`update_datetime`,`remark`,`system_code`) VALUES ('HWSR201700000000000000','SM201709111119532796858','admin',now(),NULL,'CD-CHW000015');
INSERT INTO `tsys_menu_role` (`role_code`,`menu_code`,`updater`,`update_datetime`,`remark`,`system_code`) VALUES ('HWSR201700000000000000','SM201709111930495197371','admin',now(),NULL,'CD-CHW000015');
INSERT INTO `tsys_menu_role` (`role_code`,`menu_code`,`updater`,`update_datetime`,`remark`,`system_code`) VALUES ('HWSR201700000000000000','SM201708311135157049241','admin',now(),NULL,'CD-CHW000015');
INSERT INTO `tsys_menu_role` (`role_code`,`menu_code`,`updater`,`update_datetime`,`remark`,`system_code`) VALUES ('HWSR201700000000000000','SM201708312115330447753','admin',now(),NULL,'CD-CHW000015');
INSERT INTO `tsys_menu_role` (`role_code`,`menu_code`,`updater`,`update_datetime`,`remark`,`system_code`) VALUES ('HWSR201700000000000000','SM201708312116364628655','admin',now(),NULL,'CD-CHW000015');
INSERT INTO `tsys_menu_role` (`role_code`,`menu_code`,`updater`,`update_datetime`,`remark`,`system_code`) VALUES ('HWSR201700000000000000','SM20170831211708260573','admin',now(),NULL,'CD-CHW000015');
INSERT INTO `tsys_menu_role` (`role_code`,`menu_code`,`updater`,`update_datetime`,`remark`,`system_code`) VALUES ('HWSR201700000000000000','SM201708312117327337687','admin',now(),NULL,'CD-CHW000015');
INSERT INTO `tsys_menu_role` (`role_code`,`menu_code`,`updater`,`update_datetime`,`remark`,`system_code`) VALUES ('HWSR201700000000000000','SM201708312119288413387','admin',now(),NULL,'CD-CHW000015');

/*
-- Query: select `type`,`ckey`,`cvalue`,`updater`,`update_datetime`,`remark`,`company_code`,`system_code` from tsys_config
-- Date: 2017-08-23 10:21
*/
INSERT INTO `tsys_config` (`type`,`ckey`,`cvalue`,`updater`,`update_datetime`,`remark`,`company_code`,`system_code`) VALUES ('qiniu','qiniu_access_key','cU832V2Gh5LoUWyNBLQ2kS9_0I-KnEF7jERyRDdh','admin',now(),'七牛云key1','CD-CHW000015','CD-CHW000015');
INSERT INTO `tsys_config` (`type`,`ckey`,`cvalue`,`updater`,`update_datetime`,`remark`,`company_code`,`system_code`) VALUES ('qiniu','qiniu_secret_key','ed5q5pSqKZZDN80gjGSkX93TmdDMTeZPVNd5bxgA','admin',now(),'七牛云key2','CD-CHW000015','CD-CHW000015');
INSERT INTO `tsys_config` (`type`,`ckey`,`cvalue`,`updater`,`update_datetime`,`remark`,`company_code`,`system_code`) VALUES ('qiniu','qiniu_bucket','hyds','admin',now(),'存储空间','CD-CHW000015','CD-CHW000015');
INSERT INTO `tsys_config` (`type`,`ckey`,`cvalue`,`updater`,`update_datetime`,`remark`,`company_code`,`system_code`) VALUES ('qiniu','qiniu_domain','ov30dsi08.bkt.clouddn.com','admin',now(),'访问域名','CD-CHW000015','CD-CHW000015');
INSERT INTO `tsys_config` (`type`,`ckey`,`cvalue`,`updater`,`update_datetime`,`remark`,`company_code`,`system_code`) VALUES ('wx_h5','wx_h5_access_key','wxcc167aa0ba8adb20','admin',now(),NULL,'CD-CHW000015','CD-CHW000015');
INSERT INTO `tsys_config` (`type`,`ckey`,`cvalue`,`updater`,`update_datetime`,`remark`,`company_code`,`system_code`) VALUES ('wx_h5','wx_h5_secret_key','33005a35e5e19b08b07e9d52c74400ff','admin',now(),NULL,'CD-CHW000015','CD-CHW000015');

INSERT INTO `tsys_config` (`type`,`ckey`,`cvalue`,`updater`,`update_datetime`,`remark`,`company_code`,`system_code`) VALUES ('gift','cuser_reg_addjf','10','admin',now(),'注册送积分数量','CD-CHW000015','CD-CHW000015');
INSERT INTO `tsys_config` (`type`,`ckey`,`cvalue`,`updater`,`update_datetime`,`remark`,`company_code`,`system_code`) VALUES ('gift','cuser_sign_addjf','15','admin',now(),'签到送积分数量','CD-CHW000015','CD-CHW000015');
INSERT INTO `tsys_config` (`type`,`ckey`,`cvalue`,`updater`,`update_datetime`,`remark`,`company_code`,`system_code`) VALUES ('gift','cuser_userref_addjf','10','admin',now(),'推荐送积分数量','CD-CHW000015','CD-CHW000015');

/*
-- Query: select `type`,`ckey`,`cvalue`,`updater`,now() `update_datetime`,`remark`,`company_code`,`system_code` from tsys_config where type ='sys_txt'
-- Date: 2017-09-14 23:44
*/
INSERT INTO `tsys_config` (`type`,`ckey`,`cvalue`,`updater`,`update_datetime`,`remark`,`company_code`,`system_code`) VALUES ('sys_txt','about_us','<h3 style=\"text-align: center; \">户外电商关于我们</h3><p>&nbsp;&nbsp;&nbsp;&nbsp;&nbsp;&nbsp;&nbsp;&nbsp;生活在这个时代，你要是说你不梦想着旅行都不好意思出去跟人打招呼....&nbsp;<br><br>&nbsp;&nbsp;&nbsp;&nbsp;&nbsp;&nbsp;&nbsp;&nbsp;那么我们，从什么时候开始，空虚到竟然把旅行当做了梦想？&nbsp;</p><p><img src=\"http://ov30dsi08.bkt.clouddn.com/QQ图片20170914100455_1505400872375.png\" style=\"max-width:100%\"><br></p><p><br>&nbsp;&nbsp;&nbsp;&nbsp;&nbsp;&nbsp;&nbsp;&nbsp;打开人人，满屏都是几个字：我要旅行！赤裸裸明晃晃，刺的我眼睛睁不开的疼。&nbsp;<br><br>&nbsp;&nbsp;&nbsp;&nbsp;&nbsp;&nbsp;&nbsp;&nbsp;不可否认，旅行的确很被向往，它对一个人意义无穷。想起被无数人奉为旅行至理名言的几句励志语，摘抄如下，与君共勉：&nbsp;<br><br>&nbsp;&nbsp;&nbsp;&nbsp;&nbsp;&nbsp;&nbsp;&nbsp;1如果你不出去走走，你会以为，这就是世界。&nbsp;<br><br>&nbsp;&nbsp;&nbsp;&nbsp;&nbsp;&nbsp;&nbsp;&nbsp;2有些事你现在不做，就永远不会去做了。&nbsp;<br><br>&nbsp;&nbsp;&nbsp;&nbsp;&nbsp;&nbsp;&nbsp;&nbsp;3旅行的意义不在于你遇到多少人，见到多少未知的风景，而是在某个瞬间突然的认识了自己……&nbsp;<br><br>&nbsp;&nbsp;&nbsp;&nbsp;&nbsp;&nbsp;&nbsp;&nbsp;4一个人的一生，一定要有一次说走就走的旅行。&nbsp;<br><br>&nbsp;&nbsp;&nbsp;&nbsp;&nbsp;&nbsp;&nbsp;&nbsp;5要么读书，要么旅行，灵魂和身体，一定要有一个在路上。&nbsp;<br><br>&nbsp;&nbsp;&nbsp;&nbsp;&nbsp;&nbsp;&nbsp;&nbsp;我当然不会蠢到去觉得这些话有什么问题，。励志嘛，在这个年头，又不是多值钱的事情。芙蓉姐姐摇身一变，给大家励了志；林丹拿了个大满贯，大家觉得很亢奋；莫言静悄悄，也终于圆了中国人一个情节.....&nbsp;</p><p><br></p>','admin',now(),'关于我们','CD-CHW000015','CD-CHW000015');
INSERT INTO `tsys_config` (`type`,`ckey`,`cvalue`,`updater`,`update_datetime`,`remark`,`company_code`,`system_code`) VALUES ('sys_txt','reg_protocol','注册协议','admin',now(),'注册协议','CD-CHW000015','CD-CHW000015');
INSERT INTO `tsys_config` (`type`,`ckey`,`cvalue`,`updater`,`update_datetime`,`remark`,`company_code`,`system_code`) VALUES ('sys_txt','help_center','<div><span style=\"display: inline !important;\">帮助中心,如果您有什么困难，请及时联系我们，我们将在第一时间为您解决问题</span><br></div><p><br></p>','admin',now(),'帮助中心','CD-CHW000015','CD-CHW000015');
INSERT INTO `tsys_config` (`type`,`ckey`,`cvalue`,`updater`,`update_datetime`,`remark`,`company_code`,`system_code`) VALUES ('sys_txt','time','09:00:00 - 17:30:00','admin',now(),'服务时间','CD-CHW000015','CD-CHW000015');
INSERT INTO `tsys_config` (`type`,`ckey`,`cvalue`,`updater`,`update_datetime`,`remark`,`company_code`,`system_code`) VALUES ('sys_txt','telephone','0571-89000000','admin',now(),'服务电话','CD-CHW000015','CD-CHW000015');
INSERT INTO `tsys_config` (`type`,`ckey`,`cvalue`,`updater`,`update_datetime`,`remark`,`company_code`,`system_code`) VALUES ('sys_txt','custom_center','<div><img src=\"http://ov30dsi08.bkt.clouddn.com/客服@2x_1505292085202.png\" style=\"max-width:100%\"></div><p style=\"text-align: center; \">客户中心</p><p>这里是客服中心，您有什么疑问，拨打热点</p>','admin',now(),'客服中心','CD-CHW000015','CD-CHW000015');
INSERT INTO `tsys_config` (`type`,`ckey`,`cvalue`,`updater`,`update_datetime`,`remark`,`company_code`,`system_code`) VALUES ('sys_txt','xuexin_guide','<h4 style=\"text-align: center; text-indent: 0px;\">学生认证引导</h4><p>1，这个学生免押金仅适用于在校大学生；</p><p>2，如果您是在校大学生，需要去学信网下载/截取一张你的学籍信息，上传的我们平台证明您是未毕业的学生。图片样式参考下图；</p><p><img src=\"http://ov30dsi08.bkt.clouddn.com/QQ图片20170914230925_1505401784568.png\" style=\"max-width:100%\"><br></p><p>3，上传之后，平台会在1-2个工作日予以处理，如果您确实是在在校学生，那么恭喜您，将会享受我们的免押金租赁商品的优惠。</p>','admin',now(),'关于我们','CD-CHW000015','CD-CHW000015');
INSERT INTO `tsys_config` (`type`,`ckey`,`cvalue`,`updater`,`update_datetime`,`remark`,`company_code`,`system_code`) VALUES ('sys_txt','sign_rule','<p>签到送您积分哦!每天15积分，积分可以用来兑换您喜欢的商品，也<span style=\"display: inline !important;\">可以用做押金</span></p><p>用来租赁商品。总之，签到有好礼哦！小编希望您每天都来看我哦！</p><p><br></p>','admin',now(),'关于我们','CD-CHW000015','CD-CHW000015');
INSERT INTO `tsys_config` (`type`,`ckey`,`cvalue`,`updater`,`update_datetime`,`remark`,`company_code`,`system_code`) VALUES ('sys_txt','userref_rule','<p>推荐有惊喜哦！我们会送您很多积分呢！用这些积分，您可以兑换您喜欢的商品哦！推荐越多送的越多，还在等什么？快快行动吧！！！</p>','admin',now(),'关于我们','CD-CHW000015','CD-CHW000015');
