/*
-- Query: SELECT * FROM zhpay_std_user.tstd_user where login_name = 'admin'
LIMIT 0, 5000

-- Date: 2016-12-17 17:05
*/
INSERT INTO `tstd_user` (`user_id`,`login_name`,`nickname`,`login_pwd`,`login_pwd_strength`,`kind`,`level`,`user_referee`,`mobile`,`id_kind`,`id_no`,`real_name`,`trade_pwd`,`trade_pwd_strength`,`role_code`,`status`,`pdf`,`amount`,`lj_amount`,`company_code`,`open_id`,`jpush_id`,`updater`,`update_datetime`,`remark`,`system_code`) VALUES ('U201600000000000000','admin',NULL,'21232f297a57a5a743894a0e4a801fc3','1','01','1',NULL,NULL,NULL,NULL,NULL,NULL,NULL,'SR201600000000000000','0',NULL,NULL,NULL,NULL,NULL,NULL,'admin',NULL,'管理端系统方','CD-CZH000001');

/*
-- Query: SELECT code,name,type,url,order_no,updater, now() as update_datetime,remark,parent_code,system_code FROM tsys_menu
LIMIT 0, 5000

-- Date: 2016-12-17 17:11
*/
INSERT INTO `tsys_menu` (`code`,`name`,`type`,`url`,`order_no`,`updater`,`update_datetime`,`remark`,`parent_code`,`system_code`) VALUES ('SM201600000000000000','根目录','1','#','1','admin',now(),'','','CD-CZH000001');
INSERT INTO `tsys_menu` (`code`,`name`,`type`,`url`,`order_no`,`updater`,`update_datetime`,`remark`,`parent_code`,`system_code`) VALUES ('SM201600001000000000','系统根目录','1','#','1','admin',now(),'','SM201600000000000000','CD-CZH000001');
INSERT INTO `tsys_menu` (`code`,`name`,`type`,`url`,`order_no`,`updater`,`update_datetime`,`remark`,`parent_code`,`system_code`) VALUES ('SM201600001000000001','系统管理','1','#','1','admin',now(),'','SM201600001000000000','CD-CZH000001');
INSERT INTO `tsys_menu` (`code`,`name`,`type`,`url`,`order_no`,`updater`,`update_datetime`,`remark`,`parent_code`,`system_code`) VALUES ('SM201600001000000002','运维管理','1','#','2','admin',now(),NULL,'SM201600001000000001','CD-CZH000001');
INSERT INTO `tsys_menu` (`code`,`name`,`type`,`url`,`order_no`,`updater`,`update_datetime`,`remark`,`parent_code`,`system_code`) VALUES ('SM201600001000000003','菜单管理','1','/security/menu.htm','1','admin',now(),NULL,'SM201600001000000002','CD-CZH000001');
INSERT INTO `tsys_menu` (`code`,`name`,`type`,`url`,`order_no`,`updater`,`update_datetime`,`remark`,`parent_code`,`system_code`) VALUES ('SM201600001000000004','修改','2','/edit','1','admin',now(),NULL,'SM201600001000000003','CD-CZH000001');
INSERT INTO `tsys_menu` (`code`,`name`,`type`,`url`,`order_no`,`updater`,`update_datetime`,`remark`,`parent_code`,`system_code`) VALUES ('SM2016101716241339082','运营管理','1','#','1','admin',now(),'','SM201600001000000001','CD-CZH000001');
INSERT INTO `tsys_menu` (`code`,`name`,`type`,`url`,`order_no`,`updater`,`update_datetime`,`remark`,`parent_code`,`system_code`) VALUES ('SM2016101716253866426','角色管理','1','/security/role.htm','1','admin',now(),'','SM2016101716241339082','CD-CZH000001');
INSERT INTO `tsys_menu` (`code`,`name`,`type`,`url`,`order_no`,`updater`,`update_datetime`,`remark`,`parent_code`,`system_code`) VALUES ('SM2016101716261754674','用户管理','1','/security/user.htm','2','admin',now(),'','SM2016101716241339082','CD-CZH000001');
INSERT INTO `tsys_menu` (`code`,`name`,`type`,`url`,`order_no`,`updater`,`update_datetime`,`remark`,`parent_code`,`system_code`) VALUES ('SM2016101716290657836','系统参数管理','1','/general/param.htm','2','admin',now(),'','SM201600001000000002','CD-CZH000001');
INSERT INTO `tsys_menu` (`code`,`name`,`type`,`url`,`order_no`,`updater`,`update_datetime`,`remark`,`parent_code`,`system_code`) VALUES ('SM2016101716295904680','数据字典管理','1','/general/dict.htm','3','admin',now(),'','SM201600001000000002','CD-CZH000001');
INSERT INTO `tsys_menu` (`code`,`name`,`type`,`url`,`order_no`,`updater`,`update_datetime`,`remark`,`parent_code`,`system_code`) VALUES ('SM2016101716450533995','分配菜单','2','/change','4','admin',now(),'','SM2016101716253866426','CD-CZH000001');
INSERT INTO `tsys_menu` (`code`,`name`,`type`,`url`,`order_no`,`updater`,`update_datetime`,`remark`,`parent_code`,`system_code`) VALUES ('SM2016101717551955993','新增','2','/add','1','admin',now(),'','SM2016101716253866426','CD-CZH000001');
INSERT INTO `tsys_menu` (`code`,`name`,`type`,`url`,`order_no`,`updater`,`update_datetime`,`remark`,`parent_code`,`system_code`) VALUES ('SM2016101717560118734','修改','2','/edit','2','admin',now(),'','SM2016101716253866426','CD-CZH000001');
INSERT INTO `tsys_menu` (`code`,`name`,`type`,`url`,`order_no`,`updater`,`update_datetime`,`remark`,`parent_code`,`system_code`) VALUES ('SM2016101717563661357','删除','2','/delete','3','admin',now(),'','SM2016101716253866426','CD-CZH000001');
INSERT INTO `tsys_menu` (`code`,`name`,`type`,`url`,`order_no`,`updater`,`update_datetime`,`remark`,`parent_code`,`system_code`) VALUES ('SM2016101719082391126','新增','2','/add','1','admin',now(),'','SM2016101716261754674','CD-CZH000001');
INSERT INTO `tsys_menu` (`code`,`name`,`type`,`url`,`order_no`,`updater`,`update_datetime`,`remark`,`parent_code`,`system_code`) VALUES ('SM2016101719094151894','重置密码','2','/reset','2','admin',now(),'','SM2016101716261754674','CD-CZH000001');
INSERT INTO `tsys_menu` (`code`,`name`,`type`,`url`,`order_no`,`updater`,`update_datetime`,`remark`,`parent_code`,`system_code`) VALUES ('SM2016101719100760088','注销','2','/rock','4','admin',now(),'','SM2016101716261754674','CD-CZH000001');
INSERT INTO `tsys_menu` (`code`,`name`,`type`,`url`,`order_no`,`updater`,`update_datetime`,`remark`,`parent_code`,`system_code`) VALUES ('SM2016101719110981215','设置角色','2','/assign','5','admin',now(),'','SM2016101716261754674','CD-CZH000001');
INSERT INTO `tsys_menu` (`code`,`name`,`type`,`url`,`order_no`,`updater`,`update_datetime`,`remark`,`parent_code`,`system_code`) VALUES ('SM2016101719140087629','修改','2','/edit','1','admin',now(),'','SM2016101716290657836','CD-CZH000001');
INSERT INTO `tsys_menu` (`code`,`name`,`type`,`url`,`order_no`,`updater`,`update_datetime`,`remark`,`parent_code`,`system_code`) VALUES ('SM2016101719143965297','修改','2','/edit','1','admin',now(),'','SM2016101716295904680','CD-CZH000001');
INSERT INTO `tsys_menu` (`code`,`name`,`type`,`url`,`order_no`,`updater`,`update_datetime`,`remark`,`parent_code`,`system_code`) VALUES ('SM2016112911141208861','消息管理','1','#','4','admin',now(),'','SM201600001000000000','CD-CZH000001');
INSERT INTO `tsys_menu` (`code`,`name`,`type`,`url`,`order_no`,`updater`,`update_datetime`,`remark`,`parent_code`,`system_code`) VALUES ('SM2016112911152991684','消息推送','1','#','1','admin',now(),'','SM2016112911141208861','CD-CZH000001');
INSERT INTO `tsys_menu` (`code`,`name`,`type`,`url`,`order_no`,`updater`,`update_datetime`,`remark`,`parent_code`,`system_code`) VALUES ('SM2016112911280249973','公告管理','1','/news/notice.htm','1','admin',now(),'','SM2016112911152991684','CD-CZH000001');
INSERT INTO `tsys_menu` (`code`,`name`,`type`,`url`,`order_no`,`updater`,`update_datetime`,`remark`,`parent_code`,`system_code`) VALUES ('SM2016112911292717856','短信推送','1','/news/message.htm','2','admin',now(),'','SM2016112911152991684','CD-CZH000001');
INSERT INTO `tsys_menu` (`code`,`name`,`type`,`url`,`order_no`,`updater`,`update_datetime`,`remark`,`parent_code`,`system_code`) VALUES ('SM2016112911322482563','极光推送','1','/news/aurora.htm','3','admin',now(),'','SM2016112911152991684','CD-CZH000001');
INSERT INTO `tsys_menu` (`code`,`name`,`type`,`url`,`order_no`,`updater`,`update_datetime`,`remark`,`parent_code`,`system_code`) VALUES ('SM2016112911334743939','微信推送','1','/news/wechat.htm','4','admin',now(),'','SM2016112911152991684','CD-CZH000001');
INSERT INTO `tsys_menu` (`code`,`name`,`type`,`url`,`order_no`,`updater`,`update_datetime`,`remark`,`parent_code`,`system_code`) VALUES ('SM2016112914292031228','新增','2','/add','1','admin',now(),'','SM2016112911280249973','CD-CZH000001');
INSERT INTO `tsys_menu` (`code`,`name`,`type`,`url`,`order_no`,`updater`,`update_datetime`,`remark`,`parent_code`,`system_code`) VALUES ('SM2016112914295002950','修改','2','/edit','2','admin',now(),'','SM2016112911280249973','CD-CZH000001');
INSERT INTO `tsys_menu` (`code`,`name`,`type`,`url`,`order_no`,`updater`,`update_datetime`,`remark`,`parent_code`,`system_code`) VALUES ('SM2016112914322481897','发布','2','/pub','3','admin',now(),'','SM2016112911280249973','CD-CZH000001');
INSERT INTO `tsys_menu` (`code`,`name`,`type`,`url`,`order_no`,`updater`,`update_datetime`,`remark`,`parent_code`,`system_code`) VALUES ('SM2016112914325471772','详情','2','/detail','5','admin',now(),'','SM2016112911280249973','CD-CZH000001');
INSERT INTO `tsys_menu` (`code`,`name`,`type`,`url`,`order_no`,`updater`,`update_datetime`,`remark`,`parent_code`,`system_code`) VALUES ('SM2016112915194249520','单发','2','/pub','1','admin',now(),'','SM2016112911292717856','CD-CZH000001');
INSERT INTO `tsys_menu` (`code`,`name`,`type`,`url`,`order_no`,`updater`,`update_datetime`,`remark`,`parent_code`,`system_code`) VALUES ('SM201611291521071981','详情','2','/detail','3','admin',now(),'','SM2016112911292717856','CD-CZH000001');
INSERT INTO `tsys_menu` (`code`,`name`,`type`,`url`,`order_no`,`updater`,`update_datetime`,`remark`,`parent_code`,`system_code`) VALUES ('SM2016112915302885244','单发','2','/pub','1','admin',now(),'','SM2016112911322482563','CD-CZH000001');
INSERT INTO `tsys_menu` (`code`,`name`,`type`,`url`,`order_no`,`updater`,`update_datetime`,`remark`,`parent_code`,`system_code`) VALUES ('SM201611291531308302','详情','2','/detail','3','admin',now(),'','SM2016112911322482563','CD-CZH000001');
INSERT INTO `tsys_menu` (`code`,`name`,`type`,`url`,`order_no`,`updater`,`update_datetime`,`remark`,`parent_code`,`system_code`) VALUES ('SM2016112915315987472','单发','2','/pub','1','admin',now(),'','SM2016112911334743939','CD-CZH000001');
INSERT INTO `tsys_menu` (`code`,`name`,`type`,`url`,`order_no`,`updater`,`update_datetime`,`remark`,`parent_code`,`system_code`) VALUES ('SM2016112915325414564','详情','2','/detail','3','admin',now(),'','SM2016112911334743939','CD-CZH000001');
INSERT INTO `tsys_menu` (`code`,`name`,`type`,`url`,`order_no`,`updater`,`update_datetime`,`remark`,`parent_code`,`system_code`) VALUES ('SM2016120210533096194','撤下','2','/pull','4','admin',now(),'','SM2016112911280249973','CD-CZH000001');
INSERT INTO `tsys_menu` (`code`,`name`,`type`,`url`,`order_no`,`updater`,`update_datetime`,`remark`,`parent_code`,`system_code`) VALUES ('SM2016120610552303416','激活','2','/active','3','admin',now(),'','SM2016101716261754674','CD-CZH000001');
INSERT INTO `tsys_menu` (`code`,`name`,`type`,`url`,`order_no`,`updater`,`update_datetime`,`remark`,`parent_code`,`system_code`) VALUES ('SM201612071021105964','财务管理','1','#','3','admin',now(),'','SM201600001000000000','CD-CZH000001');
INSERT INTO `tsys_menu` (`code`,`name`,`type`,`url`,`order_no`,`updater`,`update_datetime`,`remark`,`parent_code`,`system_code`) VALUES ('SM2016120710215035834','账户查询','1','#','1','admin',now(),'','SM201612071021105964','CD-CZH000001');
INSERT INTO `tsys_menu` (`code`,`name`,`type`,`url`,`order_no`,`updater`,`update_datetime`,`remark`,`parent_code`,`system_code`) VALUES ('SM201612071022206883','外部账管理','1','#','2','admin',now(),'','SM201612071021105964','CD-CZH000001');
INSERT INTO `tsys_menu` (`code`,`name`,`type`,`url`,`order_no`,`updater`,`update_datetime`,`remark`,`parent_code`,`system_code`) VALUES ('SM2016120710225078473','内部账管理','1','#','3','admin',now(),'','SM201612071021105964','CD-CZH000001');
INSERT INTO `tsys_menu` (`code`,`name`,`type`,`url`,`order_no`,`updater`,`update_datetime`,`remark`,`parent_code`,`system_code`) VALUES ('SM2016120710233232137','系统账号','1','#','4','admin',now(),'','SM201612071021105964','CD-CZH000001');
INSERT INTO `tsys_menu` (`code`,`name`,`type`,`url`,`order_no`,`updater`,`update_datetime`,`remark`,`parent_code`,`system_code`) VALUES ('SM2016120710242555432','线下走款','1','#','5','admin',now(),'','SM201612071021105964','CD-CZH000001');
INSERT INTO `tsys_menu` (`code`,`name`,`type`,`url`,`order_no`,`updater`,`update_datetime`,`remark`,`parent_code`,`system_code`) VALUES ('SM2016120710251765049','统计分析','1','#','6','admin',now(),'','SM201612071021105964','CD-CZH000001');
INSERT INTO `tsys_menu` (`code`,`name`,`type`,`url`,`order_no`,`updater`,`update_datetime`,`remark`,`parent_code`,`system_code`) VALUES ('SM2016120710261005778','银行账户','1','#','7','admin',now(),'','SM201612071021105964','CD-CZH000001');
INSERT INTO `tsys_menu` (`code`,`name`,`type`,`url`,`order_no`,`updater`,`update_datetime`,`remark`,`parent_code`,`system_code`) VALUES ('SM201612071029309117','账户查询','1','/finance/account.htm','1','admin',now(),'','SM2016120710215035834','CD-CZH000001');
INSERT INTO `tsys_menu` (`code`,`name`,`type`,`url`,`order_no`,`updater`,`update_datetime`,`remark`,`parent_code`,`system_code`) VALUES ('SM2016120710341064879','流水查询','1','/finance/ledger.htm','2','admin',now(),'','SM2016120710215035834','CD-CZH000001');
INSERT INTO `tsys_menu` (`code`,`name`,`type`,`url`,`order_no`,`updater`,`update_datetime`,`remark`,`parent_code`,`system_code`) VALUES ('SM2016120710421392861','自动对账监控','1','/finance/autoReconControl.htm','1','admin',now(),'','SM201612071022206883','CD-CZH000001');
INSERT INTO `tsys_menu` (`code`,`name`,`type`,`url`,`order_no`,`updater`,`update_datetime`,`remark`,`parent_code`,`system_code`) VALUES ('SM2016120710443551388','不平账处理','1','/finance/roughHand.htm','2','admin',now(),'','SM201612071022206883','CD-CZH000001');
INSERT INTO `tsys_menu` (`code`,`name`,`type`,`url`,`order_no`,`updater`,`update_datetime`,`remark`,`parent_code`,`system_code`) VALUES ('SM2016120710470696888','二次轧账','1','/finance/twoRoll.htm','1','admin',now(),'','SM2016120710225078473','CD-CZH000001');
INSERT INTO `tsys_menu` (`code`,`name`,`type`,`url`,`order_no`,`updater`,`update_datetime`,`remark`,`parent_code`,`system_code`) VALUES ('SM2016120710484209132','不平账处理','1','/finance/inRoughHand.htm','2','admin',now(),'','SM2016120710225078473','CD-CZH000001');
INSERT INTO `tsys_menu` (`code`,`name`,`type`,`url`,`order_no`,`updater`,`update_datetime`,`remark`,`parent_code`,`system_code`) VALUES ('SM2016120710583381112','盈亏余额','1','/finance/breakBalance.htm','1','admin',now(),'','SM2016120710233232137','CD-CZH000001');
INSERT INTO `tsys_menu` (`code`,`name`,`type`,`url`,`order_no`,`updater`,`update_datetime`,`remark`,`parent_code`,`system_code`) VALUES ('SM2016120711000374838','资金流水','1','/finance/capitalFlow.htm','2','admin',now(),'','SM2016120710233232137','CD-CZH000001');
INSERT INTO `tsys_menu` (`code`,`name`,`type`,`url`,`order_no`,`updater`,`update_datetime`,`remark`,`parent_code`,`system_code`) VALUES ('SM2016120711021944714','线下充值','1','/finance/lineRecharge.htm','1','admin',now(),'','SM2016120710242555432','CD-CZH000001');
INSERT INTO `tsys_menu` (`code`,`name`,`type`,`url`,`order_no`,`updater`,`update_datetime`,`remark`,`parent_code`,`system_code`) VALUES ('SM2016120711034365344','线下取现','1','/finance/lineUnder.htm','2','admin',now(),'','SM2016120710242555432','CD-CZH000001');
INSERT INTO `tsys_menu` (`code`,`name`,`type`,`url`,`order_no`,`updater`,`update_datetime`,`remark`,`parent_code`,`system_code`) VALUES ('SM2016120711095973678','统计分析','1','/finance/staAnalysis.htm','1','admin',now(),'','SM2016120710251765049','CD-CZH000001');
INSERT INTO `tsys_menu` (`code`,`name`,`type`,`url`,`order_no`,`updater`,`update_datetime`,`remark`,`parent_code`,`system_code`) VALUES ('SM2016120711492601376','保证金账户','1','/finance/marginAccount.htm','1','admin',now(),'','SM2016120710261005778','CD-CZH000001');
INSERT INTO `tsys_menu` (`code`,`name`,`type`,`url`,`order_no`,`updater`,`update_datetime`,`remark`,`parent_code`,`system_code`) VALUES ('SM2016120713315874098','进钱账户','1','/finance/income.htm','2','admin',now(),'','SM2016120710261005778','CD-CZH000001');
INSERT INTO `tsys_menu` (`code`,`name`,`type`,`url`,`order_no`,`updater`,`update_datetime`,`remark`,`parent_code`,`system_code`) VALUES ('SM201612071333260150','出钱账户','1','/finance/outcome.htm','3','admin',now(),'','SM2016120710261005778','CD-CZH000001');
INSERT INTO `tsys_menu` (`code`,`name`,`type`,`url`,`order_no`,`updater`,`update_datetime`,`remark`,`parent_code`,`system_code`) VALUES ('SM2016120713350008767','走账账户','1','/finance/goAccount.htm','4','admin',now(),'','SM2016120710261005778','CD-CZH000001');
INSERT INTO `tsys_menu` (`code`,`name`,`type`,`url`,`order_no`,`updater`,`update_datetime`,`remark`,`parent_code`,`system_code`) VALUES ('SM2016120714062949665','流水','2','/flow','1','admin',now(),'','SM201612071029309117','CD-CZH000001');
INSERT INTO `tsys_menu` (`code`,`name`,`type`,`url`,`order_no`,`updater`,`update_datetime`,`remark`,`parent_code`,`system_code`) VALUES ('SM2016120714343212111','详情','2','/detail','1','admin',now(),'','SM2016120710341064879','CD-CZH000001');
INSERT INTO `tsys_menu` (`code`,`name`,`type`,`url`,`order_no`,`updater`,`update_datetime`,`remark`,`parent_code`,`system_code`) VALUES ('SM2016120715221559156','群发','2','/pubs','2','admin',now(),'','SM2016112911292717856','CD-CZH000001');
INSERT INTO `tsys_menu` (`code`,`name`,`type`,`url`,`order_no`,`updater`,`update_datetime`,`remark`,`parent_code`,`system_code`) VALUES ('SM2016120715320175228','群发','2','/pubs','2','admin',now(),'','SM2016112911322482563','CD-CZH000001');
INSERT INTO `tsys_menu` (`code`,`name`,`type`,`url`,`order_no`,`updater`,`update_datetime`,`remark`,`parent_code`,`system_code`) VALUES ('SM2016120715325497790','群发','2','/pubs','2','admin',now(),'','SM2016112911334743939','CD-CZH000001');
INSERT INTO `tsys_menu` (`code`,`name`,`type`,`url`,`order_no`,`updater`,`update_datetime`,`remark`,`parent_code`,`system_code`) VALUES ('SM2016120816125733948','人工对账','2','/man-made','1','admin',now(),'','SM2016120710421392861','CD-CZH000001');
INSERT INTO `tsys_menu` (`code`,`name`,`type`,`url`,`order_no`,`updater`,`update_datetime`,`remark`,`parent_code`,`system_code`) VALUES ('SM2016120816133940523','详情','2','/detail','2','admin',now(),'','SM2016120710421392861','CD-CZH000001');
INSERT INTO `tsys_menu` (`code`,`name`,`type`,`url`,`order_no`,`updater`,`update_datetime`,`remark`,`parent_code`,`system_code`) VALUES ('SM2016120911033945882','审核','2','/exam','1','admin',now(),'','SM2016120710443551388','CD-CZH000001');
INSERT INTO `tsys_menu` (`code`,`name`,`type`,`url`,`order_no`,`updater`,`update_datetime`,`remark`,`parent_code`,`system_code`) VALUES ('SM2016120911042060088','详情','2','/detail','2','admin',now(),'','SM2016120710443551388','CD-CZH000001');
INSERT INTO `tsys_menu` (`code`,`name`,`type`,`url`,`order_no`,`updater`,`update_datetime`,`remark`,`parent_code`,`system_code`) VALUES ('SM201612091114505291','二次轧账','2','/roll','1','admin',now(),'','SM2016120710470696888','CD-CZH000001');
INSERT INTO `tsys_menu` (`code`,`name`,`type`,`url`,`order_no`,`updater`,`update_datetime`,`remark`,`parent_code`,`system_code`) VALUES ('SM2016120911160661084','详情','2','/detail','2','admin',now(),'','SM2016120710470696888','CD-CZH000001');
INSERT INTO `tsys_menu` (`code`,`name`,`type`,`url`,`order_no`,`updater`,`update_datetime`,`remark`,`parent_code`,`system_code`) VALUES ('SM2016120911293120195','审核','2','/exam','1','admin',now(),'','SM2016120710484209132','CD-CZH000001');
INSERT INTO `tsys_menu` (`code`,`name`,`type`,`url`,`order_no`,`updater`,`update_datetime`,`remark`,`parent_code`,`system_code`) VALUES ('SM2016120911301231346','详情','2','/detail','2','admin',now(),'','SM2016120710484209132','CD-CZH000001');
INSERT INTO `tsys_menu` (`code`,`name`,`type`,`url`,`order_no`,`updater`,`update_datetime`,`remark`,`parent_code`,`system_code`) VALUES ('SM201612121417489854','业务管理','1','#','2','admin',now(),'','SM201600001000000000','CD-CZH000001');
INSERT INTO `tsys_menu` (`code`,`name`,`type`,`url`,`order_no`,`updater`,`update_datetime`,`remark`,`parent_code`,`system_code`) VALUES ('SM2016121214181342425','活动管理','1','#','5','admin',now(),'','SM201600001000000000','CD-CZH000001');
INSERT INTO `tsys_menu` (`code`,`name`,`type`,`url`,`order_no`,`updater`,`update_datetime`,`remark`,`parent_code`,`system_code`) VALUES ('SM2016121214325248217','审批事项','1','#','1','admin',now(),'','SM201612121417489854','CD-CZH000001');
INSERT INTO `tsys_menu` (`code`,`name`,`type`,`url`,`order_no`,`updater`,`update_datetime`,`remark`,`parent_code`,`system_code`) VALUES ('SM2016121214352376049','商户审批','1','/biz/seller.htm','1','admin',now(),'','SM2016121214325248217','CD-CZH000001');
INSERT INTO `tsys_menu` (`code`,`name`,`type`,`url`,`order_no`,`updater`,`update_datetime`,`remark`,`parent_code`,`system_code`) VALUES ('SM2016121214362106650','代申请','2','/apply','1','admin',now(),'','SM2016121214352376049','CD-CZH000001');
INSERT INTO `tsys_menu` (`code`,`name`,`type`,`url`,`order_no`,`updater`,`update_datetime`,`remark`,`parent_code`,`system_code`) VALUES ('SM2016121214363809593','修改','2','/edit','2','admin',now(),'','SM2016121214352376049','CD-CZH000001');
INSERT INTO `tsys_menu` (`code`,`name`,`type`,`url`,`order_no`,`updater`,`update_datetime`,`remark`,`parent_code`,`system_code`) VALUES ('SM2016121214365781512','审批','2','/check','3','admin',now(),'','SM2016121214352376049','CD-CZH000001');
INSERT INTO `tsys_menu` (`code`,`name`,`type`,`url`,`order_no`,`updater`,`update_datetime`,`remark`,`parent_code`,`system_code`) VALUES ('SM2016121214373237174','批量审批','2','/multicheck','4','admin',now(),'','SM2016121214352376049','CD-CZH000001');
INSERT INTO `tsys_menu` (`code`,`name`,`type`,`url`,`order_no`,`updater`,`update_datetime`,`remark`,`parent_code`,`system_code`) VALUES ('SM2016121214380315234','上/下架','2','/updown','5','admin',now(),'','SM2016121214352376049','CD-CZH000001');
INSERT INTO `tsys_menu` (`code`,`name`,`type`,`url`,`order_no`,`updater`,`update_datetime`,`remark`,`parent_code`,`system_code`) VALUES ('SM2016121214381922945','详情','2','/detail','6','admin',now(),'','SM2016121214352376049','CD-CZH000001');
INSERT INTO `tsys_menu` (`code`,`name`,`type`,`url`,`order_no`,`updater`,`update_datetime`,`remark`,`parent_code`,`system_code`) VALUES ('SM201612121442020218','夺宝审批','1','/biz/treasure.htm','2','admin',now(),'','SM2016121214325248217','CD-CZH000001');
INSERT INTO `tsys_menu` (`code`,`name`,`type`,`url`,`order_no`,`updater`,`update_datetime`,`remark`,`parent_code`,`system_code`) VALUES ('SM201612121442262686','代申请','2','/apply','1','admin',now(),'','SM201612121442020218','CD-CZH000001');
INSERT INTO `tsys_menu` (`code`,`name`,`type`,`url`,`order_no`,`updater`,`update_datetime`,`remark`,`parent_code`,`system_code`) VALUES ('SM2016121214424548012','审批','2','/check','2','admin',now(),'','SM201612121442020218','CD-CZH000001');
INSERT INTO `tsys_menu` (`code`,`name`,`type`,`url`,`order_no`,`updater`,`update_datetime`,`remark`,`parent_code`,`system_code`) VALUES ('SM2016121214431210560','批量审批','2','/multicheck','3','admin',now(),'','SM201612121442020218','CD-CZH000001');
INSERT INTO `tsys_menu` (`code`,`name`,`type`,`url`,`order_no`,`updater`,`update_datetime`,`remark`,`parent_code`,`system_code`) VALUES ('SM2016121214435061029','上/下架','2','/updown','4','admin',now(),'','SM201612121442020218','CD-CZH000001');
INSERT INTO `tsys_menu` (`code`,`name`,`type`,`url`,`order_no`,`updater`,`update_datetime`,`remark`,`parent_code`,`system_code`) VALUES ('SM2016121214444685582','商品审批','1','/biz/product.htm','3','admin',now(),'','SM2016121214325248217','CD-CZH000001');
INSERT INTO `tsys_menu` (`code`,`name`,`type`,`url`,`order_no`,`updater`,`update_datetime`,`remark`,`parent_code`,`system_code`) VALUES ('SM2016121214451800642','代申请','2','/apply','1','admin',now(),'','SM2016121214444685582','CD-CZH000001');
INSERT INTO `tsys_menu` (`code`,`name`,`type`,`url`,`order_no`,`updater`,`update_datetime`,`remark`,`parent_code`,`system_code`) VALUES ('SM2016121214454009858','审批','2','/check','2','admin',now(),'','SM2016121214444685582','CD-CZH000001');
INSERT INTO `tsys_menu` (`code`,`name`,`type`,`url`,`order_no`,`updater`,`update_datetime`,`remark`,`parent_code`,`system_code`) VALUES ('SM2016121214461300741','批量审批','2','/multicheck','3','admin',now(),'','SM2016121214444685582','CD-CZH000001');
INSERT INTO `tsys_menu` (`code`,`name`,`type`,`url`,`order_no`,`updater`,`update_datetime`,`remark`,`parent_code`,`system_code`) VALUES ('SM2016121214470517562','上/下架','2','/updown','4','admin',now(),'','SM2016121214444685582','CD-CZH000001');
INSERT INTO `tsys_menu` (`code`,`name`,`type`,`url`,`order_no`,`updater`,`update_datetime`,`remark`,`parent_code`,`system_code`) VALUES ('SM2016121214481743755','取现审批','1','/biz/withdraw.htm','4','admin',now(),'','SM2016121214325248217','CD-CZH000001');
INSERT INTO `tsys_menu` (`code`,`name`,`type`,`url`,`order_no`,`updater`,`update_datetime`,`remark`,`parent_code`,`system_code`) VALUES ('SM2016121214490617928','代申请','2','/apply','1','admin',now(),'','SM2016121214481743755','CD-CZH000001');
INSERT INTO `tsys_menu` (`code`,`name`,`type`,`url`,`order_no`,`updater`,`update_datetime`,`remark`,`parent_code`,`system_code`) VALUES ('SM2016121214495421331','审批代扣','2','/check','2','admin',now(),'','SM2016121214481743755','CD-CZH000001');
INSERT INTO `tsys_menu` (`code`,`name`,`type`,`url`,`order_no`,`updater`,`update_datetime`,`remark`,`parent_code`,`system_code`) VALUES ('SM2016121215224762287','订单跟踪','1','/biz/order.htm','5','admin',now(),'','SM2016121214325248217','CD-CZH000001');
INSERT INTO `tsys_menu` (`code`,`name`,`type`,`url`,`order_no`,`updater`,`update_datetime`,`remark`,`parent_code`,`system_code`) VALUES ('SM2016121215231084357','详情','2','/detail','1','admin',now(),'','SM2016121215224762287','CD-CZH000001');
INSERT INTO `tsys_menu` (`code`,`name`,`type`,`url`,`order_no`,`updater`,`update_datetime`,`remark`,`parent_code`,`system_code`) VALUES ('SM201612121523320451','导出','2','/export','2','admin',now(),'','SM2016121215224762287','CD-CZH000001');
INSERT INTO `tsys_menu` (`code`,`name`,`type`,`url`,`order_no`,`updater`,`update_datetime`,`remark`,`parent_code`,`system_code`) VALUES ('SM2016121215243785360','摇钱树管理','1','/biz/moneytree.htm','6','admin',now(),'','SM2016121214325248217','CD-CZH000001');
INSERT INTO `tsys_menu` (`code`,`name`,`type`,`url`,`order_no`,`updater`,`update_datetime`,`remark`,`parent_code`,`system_code`) VALUES ('SM2016121215251717619','代激活','2','/active','1','admin',now(),'','SM2016121215243785360','CD-CZH000001');
INSERT INTO `tsys_menu` (`code`,`name`,`type`,`url`,`order_no`,`updater`,`update_datetime`,`remark`,`parent_code`,`system_code`) VALUES ('SM2016121215255452846','解冻/冻结','2','/lock','2','admin',now(),'','SM2016121215243785360','CD-CZH000001');
INSERT INTO `tsys_menu` (`code`,`name`,`type`,`url`,`order_no`,`updater`,`update_datetime`,`remark`,`parent_code`,`system_code`) VALUES ('SM2016121215265650515','股份管理','1','/biz/stock.htm','7','admin',now(),'','SM2016121214325248217','CD-CZH000001');
INSERT INTO `tsys_menu` (`code`,`name`,`type`,`url`,`order_no`,`updater`,`update_datetime`,`remark`,`parent_code`,`system_code`) VALUES ('SM2016121215272427591','代购','2','/buy','1','admin',now(),'','SM2016121215265650515','CD-CZH000001');
INSERT INTO `tsys_menu` (`code`,`name`,`type`,`url`,`order_no`,`updater`,`update_datetime`,`remark`,`parent_code`,`system_code`) VALUES ('SM2016121215275638278','清算','2','/clear','2','admin',now(),'','SM2016121215265650515','CD-CZH000001');
INSERT INTO `tsys_menu` (`code`,`name`,`type`,`url`,`order_no`,`updater`,`update_datetime`,`remark`,`parent_code`,`system_code`) VALUES ('SM2016121215281752118','详情','2','/detail','3','admin',now(),'','SM2016121215265650515','CD-CZH000001');
INSERT INTO `tsys_menu` (`code`,`name`,`type`,`url`,`order_no`,`updater`,`update_datetime`,`remark`,`parent_code`,`system_code`) VALUES ('SM2016121215304545522','红包审批','1','/biz/luckymoney.htm','8','admin',now(),'','SM2016121214325248217','CD-CZH000001');
INSERT INTO `tsys_menu` (`code`,`name`,`type`,`url`,`order_no`,`updater`,`update_datetime`,`remark`,`parent_code`,`system_code`) VALUES ('SM2016121215310612145','审批','2','/check','1','admin',now(),'','SM2016121215304545522','CD-CZH000001');
INSERT INTO `tsys_menu` (`code`,`name`,`type`,`url`,`order_no`,`updater`,`update_datetime`,`remark`,`parent_code`,`system_code`) VALUES ('SM2016121215323620971','红包业绩审批','1','/biz/performance.htm','9','admin',now(),'','SM2016121214325248217','CD-CZH000001');
INSERT INTO `tsys_menu` (`code`,`name`,`type`,`url`,`order_no`,`updater`,`update_datetime`,`remark`,`parent_code`,`system_code`) VALUES ('SM2016121215325117652','审批','2','/check','1','admin',now(),'','SM2016121215323620971','CD-CZH000001');
INSERT INTO `tsys_menu` (`code`,`name`,`type`,`url`,`order_no`,`updater`,`update_datetime`,`remark`,`parent_code`,`system_code`) VALUES ('SM2016121215332251046','业务规则','1','#','2','admin',now(),'','SM201612121417489854','CD-CZH000001');
INSERT INTO `tsys_menu` (`code`,`name`,`type`,`url`,`order_no`,`updater`,`update_datetime`,`remark`,`parent_code`,`system_code`) VALUES ('SM2016121215342898771','分销规则','1','/biz/distribution.htm','1','admin',now(),'','SM2016121215332251046','CD-CZH000001');
INSERT INTO `tsys_menu` (`code`,`name`,`type`,`url`,`order_no`,`updater`,`update_datetime`,`remark`,`parent_code`,`system_code`) VALUES ('SM2016121215345041790','修改','2','/edit','1','admin',now(),'','SM2016121215342898771','CD-CZH000001');
INSERT INTO `tsys_menu` (`code`,`name`,`type`,`url`,`order_no`,`updater`,`update_datetime`,`remark`,`parent_code`,`system_code`) VALUES ('SM2016121215411661735','摇一摇规则','1','/biz/shake.htm','2','admin',now(),'','SM2016121215332251046','CD-CZH000001');
INSERT INTO `tsys_menu` (`code`,`name`,`type`,`url`,`order_no`,`updater`,`update_datetime`,`remark`,`parent_code`,`system_code`) VALUES ('SM2016121215414008454','修改','2','/edit.htm','1','admin',now(),'','SM2016121215411661735','CD-CZH000001');
INSERT INTO `tsys_menu` (`code`,`name`,`type`,`url`,`order_no`,`updater`,`update_datetime`,`remark`,`parent_code`,`system_code`) VALUES ('SM2016121215431330778','虚拟币规则','1','/biz/virtualmoney.htm','3','admin',now(),'','SM2016121215332251046','CD-CZH000001');
INSERT INTO `tsys_menu` (`code`,`name`,`type`,`url`,`order_no`,`updater`,`update_datetime`,`remark`,`parent_code`,`system_code`) VALUES ('SM2016121215435401753','修改','2','/edit','1','admin',now(),'','SM2016121215431330778','CD-CZH000001');
INSERT INTO `tsys_menu` (`code`,`name`,`type`,`url`,`order_no`,`updater`,`update_datetime`,`remark`,`parent_code`,`system_code`) VALUES ('SM2016121215443012922','定位规则','1','/biz/location.htm','4','admin',now(),'','SM2016121215332251046','CD-CZH000001');
INSERT INTO `tsys_menu` (`code`,`name`,`type`,`url`,`order_no`,`updater`,`update_datetime`,`remark`,`parent_code`,`system_code`) VALUES ('SM2016121215444925722','修改','2','/edit','1','admin',now(),'','SM2016121215443012922','CD-CZH000001');
INSERT INTO `tsys_menu` (`code`,`name`,`type`,`url`,`order_no`,`updater`,`update_datetime`,`remark`,`parent_code`,`system_code`) VALUES ('SM2016121215462081241','用户管理','1','#','3','admin',now(),'','SM201612121417489854','CD-CZH000001');
INSERT INTO `tsys_menu` (`code`,`name`,`type`,`url`,`order_no`,`updater`,`update_datetime`,`remark`,`parent_code`,`system_code`) VALUES ('SM2016121215465935188','C端用户','1','/biz/customer.htm','1','admin',now(),'','SM2016121215462081241','CD-CZH000001');
INSERT INTO `tsys_menu` (`code`,`name`,`type`,`url`,`order_no`,`updater`,`update_datetime`,`remark`,`parent_code`,`system_code`) VALUES ('SM2016121215475590373','代注册','2','/add','1','admin',now(),'','SM2016121215465935188','CD-CZH000001');
INSERT INTO `tsys_menu` (`code`,`name`,`type`,`url`,`order_no`,`updater`,`update_datetime`,`remark`,`parent_code`,`system_code`) VALUES ('SM2016121215491223788','禁止登录/取消','2','/lock','2','admin',now(),'','SM2016121215465935188','CD-CZH000001');
INSERT INTO `tsys_menu` (`code`,`name`,`type`,`url`,`order_no`,`updater`,`update_datetime`,`remark`,`parent_code`,`system_code`) VALUES ('SM2016121215501001074','B端用户','1','/biz/bizman.htm','2','admin',now(),'','SM2016121215462081241','CD-CZH000001');
INSERT INTO `tsys_menu` (`code`,`name`,`type`,`url`,`order_no`,`updater`,`update_datetime`,`remark`,`parent_code`,`system_code`) VALUES ('SM2016121215511604893','代注册','2','/add','1','admin',now(),'','SM2016121215501001074','CD-CZH000001');
INSERT INTO `tsys_menu` (`code`,`name`,`type`,`url`,`order_no`,`updater`,`update_datetime`,`remark`,`parent_code`,`system_code`) VALUES ('SM2016121215513360129','禁止登录/取消','2','/lock','2','admin',now(),'','SM2016121215501001074','CD-CZH000001');
INSERT INTO `tsys_menu` (`code`,`name`,`type`,`url`,`order_no`,`updater`,`update_datetime`,`remark`,`parent_code`,`system_code`) VALUES ('SM2016121215521211246','合伙人管理','1','/biz/partner.htm','3','admin',now(),'','SM2016121215462081241','CD-CZH000001');
INSERT INTO `tsys_menu` (`code`,`name`,`type`,`url`,`order_no`,`updater`,`update_datetime`,`remark`,`parent_code`,`system_code`) VALUES ('SM2016121215522782115','新增','2','/add','1','admin',now(),'','SM2016121215521211246','CD-CZH000001');
INSERT INTO `tsys_menu` (`code`,`name`,`type`,`url`,`order_no`,`updater`,`update_datetime`,`remark`,`parent_code`,`system_code`) VALUES ('SM2016121215524418148','修改','2','/edit','2','admin',now(),'','SM2016121215521211246','CD-CZH000001');
INSERT INTO `tsys_menu` (`code`,`name`,`type`,`url`,`order_no`,`updater`,`update_datetime`,`remark`,`parent_code`,`system_code`) VALUES ('SM2016121215534398095','解除关系','2','/stop','3','admin',now(),'','SM2016121215521211246','CD-CZH000001');
INSERT INTO `tsys_menu` (`code`,`name`,`type`,`url`,`order_no`,`updater`,`update_datetime`,`remark`,`parent_code`,`system_code`) VALUES ('SM2016121215543215610','文章管理','1','#','4','admin',now(),'','SM201612121417489854','CD-CZH000001');
INSERT INTO `tsys_menu` (`code`,`name`,`type`,`url`,`order_no`,`updater`,`update_datetime`,`remark`,`parent_code`,`system_code`) VALUES ('SM2016121215550321785','Banner管理','1','/biz/banner.htm','1','admin',now(),'','SM2016121215543215610','CD-CZH000001');
INSERT INTO `tsys_menu` (`code`,`name`,`type`,`url`,`order_no`,`updater`,`update_datetime`,`remark`,`parent_code`,`system_code`) VALUES ('SM2016121215581659738','新增','2','/add','1','admin',now(),'','SM2016121215550321785','CD-CZH000001');
INSERT INTO `tsys_menu` (`code`,`name`,`type`,`url`,`order_no`,`updater`,`update_datetime`,`remark`,`parent_code`,`system_code`) VALUES ('SM2016121215584215568','修改','2','/edit','2','admin',now(),'','SM2016121215550321785','CD-CZH000001');
INSERT INTO `tsys_menu` (`code`,`name`,`type`,`url`,`order_no`,`updater`,`update_datetime`,`remark`,`parent_code`,`system_code`) VALUES ('SM2016121215590135675','删除','2','/delete','3','admin',now(),'','SM2016121215550321785','CD-CZH000001');
INSERT INTO `tsys_menu` (`code`,`name`,`type`,`url`,`order_no`,`updater`,`update_datetime`,`remark`,`parent_code`,`system_code`) VALUES ('SM2016121215592553949','详情','2','/detail','4','admin',now(),'','SM2016121215550321785','CD-CZH000001');
INSERT INTO `tsys_menu` (`code`,`name`,`type`,`url`,`order_no`,`updater`,`update_datetime`,`remark`,`parent_code`,`system_code`) VALUES ('SM2016121216034068624','菜单管理','1','/biz/menu.htm','2','admin',now(),'','SM2016121215543215610','CD-CZH000001');
INSERT INTO `tsys_menu` (`code`,`name`,`type`,`url`,`order_no`,`updater`,`update_datetime`,`remark`,`parent_code`,`system_code`) VALUES ('SM2016121216040106058','修改','2','/edit','1','admin',now(),'','SM2016121216034068624','CD-CZH000001');
INSERT INTO `tsys_menu` (`code`,`name`,`type`,`url`,`order_no`,`updater`,`update_datetime`,`remark`,`parent_code`,`system_code`) VALUES ('SM2016121216045274832','关于我们','1','/biz/aboutus.htm','3','admin',now(),'','SM2016121215543215610','CD-CZH000001');
INSERT INTO `tsys_menu` (`code`,`name`,`type`,`url`,`order_no`,`updater`,`update_datetime`,`remark`,`parent_code`,`system_code`) VALUES ('SM2016121216055859786','合伙人','1','#','6','admin',now(),'','SM201612121417489854','CD-CZH000001');
INSERT INTO `tsys_menu` (`code`,`name`,`type`,`url`,`order_no`,`updater`,`update_datetime`,`remark`,`parent_code`,`system_code`) VALUES ('SM2016121216070440235','我的账本','1','/biz/account.htm','1','admin',now(),'','SM2016121216055859786','CD-CZH000001');
INSERT INTO `tsys_menu` (`code`,`name`,`type`,`url`,`order_no`,`updater`,`update_datetime`,`remark`,`parent_code`,`system_code`) VALUES ('SM2016121216081334671','辖区商户','1','/biz/myseller.htm','2','admin',now(),'','SM2016121216055859786','CD-CZH000001');
INSERT INTO `tsys_menu` (`code`,`name`,`type`,`url`,`order_no`,`updater`,`update_datetime`,`remark`,`parent_code`,`system_code`) VALUES ('SM2016121216083080679','审批','2','/check','1','admin',now(),'','SM2016121216081334671','CD-CZH000001');
INSERT INTO `tsys_menu` (`code`,`name`,`type`,`url`,`order_no`,`updater`,`update_datetime`,`remark`,`parent_code`,`system_code`) VALUES ('SM2016121216084598347','详情','2','/detail','2','admin',now(),'','SM2016121216081334671','CD-CZH000001');
INSERT INTO `tsys_menu` (`code`,`name`,`type`,`url`,`order_no`,`updater`,`update_datetime`,`remark`,`parent_code`,`system_code`) VALUES ('SM2016121514173946764','name','1','/std-account/account','1','updater',now(),'remark','0','12');
INSERT INTO `tsys_menu` (`code`,`name`,`type`,`url`,`order_no`,`updater`,`update_datetime`,`remark`,`parent_code`,`system_code`) VALUES ('SM2016121610074423689','商品类别','1','/biz/prokind.htm','0','admin',now(),'','SM2016121215543215610','CD-CZH000001');
INSERT INTO `tsys_menu` (`code`,`name`,`type`,`url`,`order_no`,`updater`,`update_datetime`,`remark`,`parent_code`,`system_code`) VALUES ('SM2016121610081124138','新增','2','/add','1','admin',now(),'','SM2016121610074423689','CD-CZH000001');
INSERT INTO `tsys_menu` (`code`,`name`,`type`,`url`,`order_no`,`updater`,`update_datetime`,`remark`,`parent_code`,`system_code`) VALUES ('SM2016121610083504294','修改','2','/edit','2','admin',now(),'','SM2016121610074423689','CD-CZH000001');
INSERT INTO `tsys_menu` (`code`,`name`,`type`,`url`,`order_no`,`updater`,`update_datetime`,`remark`,`parent_code`,`system_code`) VALUES ('SM2016121610085798139','删除','2','/delete','3','admin',now(),'','SM2016121610074423689','CD-CZH000001');
INSERT INTO `tsys_menu` (`code`,`name`,`type`,`url`,`order_no`,`updater`,`update_datetime`,`remark`,`parent_code`,`system_code`) VALUES ('SM2016121610102404834','详情','2','/detail','4','admin',now(),'','SM2016121610074423689','CD-CZH000001');

/*
-- Query: SELECT `code`,`name`,`level`,'admin' as `updater`,now() as 'update_datetime',`remark`,`system_code` FROM tsys_role where name = '超级管理员'
LIMIT 0, 5000

-- Date: 2016-12-17 17:13
*/
INSERT INTO `tsys_role` (`code`,`name`,`level`,`updater`,`update_datetime`,`remark`,`system_code`) VALUES ('SR201600000000000000','超级管理员','1','admin',now(),'','CD-CZH000001');

/*
-- Query: SELECT `role_code`,`menu_code`,`updater`,now() as `update_datetime`,`remark`,`system_code` FROM tsys_menu_role where role_code in('SR201600000000000000')
LIMIT 0, 5000

-- Date: 2016-12-17 17:15
*/
INSERT INTO `tsys_menu_role` (`role_code`,`menu_code`,`updater`,`update_datetime`,`remark`,`system_code`) VALUES ('SR201600000000000000','SM201600000000000000','admin',now(),NULL,'CD-CZH000001');
INSERT INTO `tsys_menu_role` (`role_code`,`menu_code`,`updater`,`update_datetime`,`remark`,`system_code`) VALUES ('SR201600000000000000','SM201600001000000000','admin',now(),NULL,'CD-CZH000001');
INSERT INTO `tsys_menu_role` (`role_code`,`menu_code`,`updater`,`update_datetime`,`remark`,`system_code`) VALUES ('SR201600000000000000','SM201600001000000001','admin',now(),NULL,'CD-CZH000001');
INSERT INTO `tsys_menu_role` (`role_code`,`menu_code`,`updater`,`update_datetime`,`remark`,`system_code`) VALUES ('SR201600000000000000','SM201600001000000002','admin',now(),NULL,'CD-CZH000001');
INSERT INTO `tsys_menu_role` (`role_code`,`menu_code`,`updater`,`update_datetime`,`remark`,`system_code`) VALUES ('SR201600000000000000','SM201600001000000003','admin',now(),NULL,'CD-CZH000001');
INSERT INTO `tsys_menu_role` (`role_code`,`menu_code`,`updater`,`update_datetime`,`remark`,`system_code`) VALUES ('SR201600000000000000','SM201600001000000004','admin',now(),NULL,'CD-CZH000001');
INSERT INTO `tsys_menu_role` (`role_code`,`menu_code`,`updater`,`update_datetime`,`remark`,`system_code`) VALUES ('SR201600000000000000','SM2016101716290657836','admin',now(),NULL,'CD-CZH000001');
INSERT INTO `tsys_menu_role` (`role_code`,`menu_code`,`updater`,`update_datetime`,`remark`,`system_code`) VALUES ('SR201600000000000000','SM2016101719140087629','admin',now(),NULL,'CD-CZH000001');
INSERT INTO `tsys_menu_role` (`role_code`,`menu_code`,`updater`,`update_datetime`,`remark`,`system_code`) VALUES ('SR201600000000000000','SM2016101716295904680','admin',now(),NULL,'CD-CZH000001');
INSERT INTO `tsys_menu_role` (`role_code`,`menu_code`,`updater`,`update_datetime`,`remark`,`system_code`) VALUES ('SR201600000000000000','SM2016101719143965297','admin',now(),NULL,'CD-CZH000001');
INSERT INTO `tsys_menu_role` (`role_code`,`menu_code`,`updater`,`update_datetime`,`remark`,`system_code`) VALUES ('SR201600000000000000','SM2016101716241339082','admin',now(),NULL,'CD-CZH000001');
INSERT INTO `tsys_menu_role` (`role_code`,`menu_code`,`updater`,`update_datetime`,`remark`,`system_code`) VALUES ('SR201600000000000000','SM2016101716253866426','admin',now(),NULL,'CD-CZH000001');
INSERT INTO `tsys_menu_role` (`role_code`,`menu_code`,`updater`,`update_datetime`,`remark`,`system_code`) VALUES ('SR201600000000000000','SM2016101716450533995','admin',now(),NULL,'CD-CZH000001');
INSERT INTO `tsys_menu_role` (`role_code`,`menu_code`,`updater`,`update_datetime`,`remark`,`system_code`) VALUES ('SR201600000000000000','SM2016101717551955993','admin',now(),NULL,'CD-CZH000001');
INSERT INTO `tsys_menu_role` (`role_code`,`menu_code`,`updater`,`update_datetime`,`remark`,`system_code`) VALUES ('SR201600000000000000','SM2016101717560118734','admin',now(),NULL,'CD-CZH000001');
INSERT INTO `tsys_menu_role` (`role_code`,`menu_code`,`updater`,`update_datetime`,`remark`,`system_code`) VALUES ('SR201600000000000000','SM2016101717563661357','admin',now(),NULL,'CD-CZH000001');
INSERT INTO `tsys_menu_role` (`role_code`,`menu_code`,`updater`,`update_datetime`,`remark`,`system_code`) VALUES ('SR201600000000000000','SM2016101716261754674','admin',now(),NULL,'CD-CZH000001');
INSERT INTO `tsys_menu_role` (`role_code`,`menu_code`,`updater`,`update_datetime`,`remark`,`system_code`) VALUES ('SR201600000000000000','SM2016101719082391126','admin',now(),NULL,'CD-CZH000001');
INSERT INTO `tsys_menu_role` (`role_code`,`menu_code`,`updater`,`update_datetime`,`remark`,`system_code`) VALUES ('SR201600000000000000','SM2016101719094151894','admin',now(),NULL,'CD-CZH000001');
INSERT INTO `tsys_menu_role` (`role_code`,`menu_code`,`updater`,`update_datetime`,`remark`,`system_code`) VALUES ('SR201600000000000000','SM2016101719100760088','admin',now(),NULL,'CD-CZH000001');
INSERT INTO `tsys_menu_role` (`role_code`,`menu_code`,`updater`,`update_datetime`,`remark`,`system_code`) VALUES ('SR201600000000000000','SM2016101719110981215','admin',now(),NULL,'CD-CZH000001');
INSERT INTO `tsys_menu_role` (`role_code`,`menu_code`,`updater`,`update_datetime`,`remark`,`system_code`) VALUES ('SR201600000000000000','SM2016120610552303416','admin',now(),NULL,'CD-CZH000001');
INSERT INTO `tsys_menu_role` (`role_code`,`menu_code`,`updater`,`update_datetime`,`remark`,`system_code`) VALUES ('SR201600000000000000','SM2016112911141208861','admin',now(),NULL,'CD-CZH000001');
INSERT INTO `tsys_menu_role` (`role_code`,`menu_code`,`updater`,`update_datetime`,`remark`,`system_code`) VALUES ('SR201600000000000000','SM2016112911152991684','admin',now(),NULL,'CD-CZH000001');
INSERT INTO `tsys_menu_role` (`role_code`,`menu_code`,`updater`,`update_datetime`,`remark`,`system_code`) VALUES ('SR201600000000000000','SM2016112911280249973','admin',now(),NULL,'CD-CZH000001');
INSERT INTO `tsys_menu_role` (`role_code`,`menu_code`,`updater`,`update_datetime`,`remark`,`system_code`) VALUES ('SR201600000000000000','SM2016112914292031228','admin',now(),NULL,'CD-CZH000001');
INSERT INTO `tsys_menu_role` (`role_code`,`menu_code`,`updater`,`update_datetime`,`remark`,`system_code`) VALUES ('SR201600000000000000','SM2016112914295002950','admin',now(),NULL,'CD-CZH000001');
INSERT INTO `tsys_menu_role` (`role_code`,`menu_code`,`updater`,`update_datetime`,`remark`,`system_code`) VALUES ('SR201600000000000000','SM2016112914322481897','admin',now(),NULL,'CD-CZH000001');
INSERT INTO `tsys_menu_role` (`role_code`,`menu_code`,`updater`,`update_datetime`,`remark`,`system_code`) VALUES ('SR201600000000000000','SM2016112914325471772','admin',now(),NULL,'CD-CZH000001');
INSERT INTO `tsys_menu_role` (`role_code`,`menu_code`,`updater`,`update_datetime`,`remark`,`system_code`) VALUES ('SR201600000000000000','SM2016120210533096194','admin',now(),NULL,'CD-CZH000001');
INSERT INTO `tsys_menu_role` (`role_code`,`menu_code`,`updater`,`update_datetime`,`remark`,`system_code`) VALUES ('SR201600000000000000','SM2016112911292717856','admin',now(),NULL,'CD-CZH000001');
INSERT INTO `tsys_menu_role` (`role_code`,`menu_code`,`updater`,`update_datetime`,`remark`,`system_code`) VALUES ('SR201600000000000000','SM2016112915194249520','admin',now(),NULL,'CD-CZH000001');
INSERT INTO `tsys_menu_role` (`role_code`,`menu_code`,`updater`,`update_datetime`,`remark`,`system_code`) VALUES ('SR201600000000000000','SM201611291521071981','admin',now(),NULL,'CD-CZH000001');
INSERT INTO `tsys_menu_role` (`role_code`,`menu_code`,`updater`,`update_datetime`,`remark`,`system_code`) VALUES ('SR201600000000000000','SM2016120715221559156','admin',now(),NULL,'CD-CZH000001');
INSERT INTO `tsys_menu_role` (`role_code`,`menu_code`,`updater`,`update_datetime`,`remark`,`system_code`) VALUES ('SR201600000000000000','SM2016112911322482563','admin',now(),NULL,'CD-CZH000001');
INSERT INTO `tsys_menu_role` (`role_code`,`menu_code`,`updater`,`update_datetime`,`remark`,`system_code`) VALUES ('SR201600000000000000','SM2016112915302885244','admin',now(),NULL,'CD-CZH000001');
INSERT INTO `tsys_menu_role` (`role_code`,`menu_code`,`updater`,`update_datetime`,`remark`,`system_code`) VALUES ('SR201600000000000000','SM201611291531308302','admin',now(),NULL,'CD-CZH000001');
INSERT INTO `tsys_menu_role` (`role_code`,`menu_code`,`updater`,`update_datetime`,`remark`,`system_code`) VALUES ('SR201600000000000000','SM2016120715320175228','admin',now(),NULL,'CD-CZH000001');
INSERT INTO `tsys_menu_role` (`role_code`,`menu_code`,`updater`,`update_datetime`,`remark`,`system_code`) VALUES ('SR201600000000000000','SM2016112911334743939','admin',now(),NULL,'CD-CZH000001');
INSERT INTO `tsys_menu_role` (`role_code`,`menu_code`,`updater`,`update_datetime`,`remark`,`system_code`) VALUES ('SR201600000000000000','SM2016112915315987472','admin',now(),NULL,'CD-CZH000001');
INSERT INTO `tsys_menu_role` (`role_code`,`menu_code`,`updater`,`update_datetime`,`remark`,`system_code`) VALUES ('SR201600000000000000','SM2016112915325414564','admin',now(),NULL,'CD-CZH000001');
INSERT INTO `tsys_menu_role` (`role_code`,`menu_code`,`updater`,`update_datetime`,`remark`,`system_code`) VALUES ('SR201600000000000000','SM2016120715325497790','admin',now(),NULL,'CD-CZH000001');
INSERT INTO `tsys_menu_role` (`role_code`,`menu_code`,`updater`,`update_datetime`,`remark`,`system_code`) VALUES ('SR201600000000000000','SM201612071021105964','admin',now(),NULL,'CD-CZH000001');
INSERT INTO `tsys_menu_role` (`role_code`,`menu_code`,`updater`,`update_datetime`,`remark`,`system_code`) VALUES ('SR201600000000000000','SM2016120710215035834','admin',now(),NULL,'CD-CZH000001');
INSERT INTO `tsys_menu_role` (`role_code`,`menu_code`,`updater`,`update_datetime`,`remark`,`system_code`) VALUES ('SR201600000000000000','SM201612071029309117','admin',now(),NULL,'CD-CZH000001');
INSERT INTO `tsys_menu_role` (`role_code`,`menu_code`,`updater`,`update_datetime`,`remark`,`system_code`) VALUES ('SR201600000000000000','SM2016120714062949665','admin',now(),NULL,'CD-CZH000001');
INSERT INTO `tsys_menu_role` (`role_code`,`menu_code`,`updater`,`update_datetime`,`remark`,`system_code`) VALUES ('SR201600000000000000','SM2016120710341064879','admin',now(),NULL,'CD-CZH000001');
INSERT INTO `tsys_menu_role` (`role_code`,`menu_code`,`updater`,`update_datetime`,`remark`,`system_code`) VALUES ('SR201600000000000000','SM2016120714343212111','admin',now(),NULL,'CD-CZH000001');
INSERT INTO `tsys_menu_role` (`role_code`,`menu_code`,`updater`,`update_datetime`,`remark`,`system_code`) VALUES ('SR201600000000000000','SM201612071022206883','admin',now(),NULL,'CD-CZH000001');
INSERT INTO `tsys_menu_role` (`role_code`,`menu_code`,`updater`,`update_datetime`,`remark`,`system_code`) VALUES ('SR201600000000000000','SM2016120710421392861','admin',now(),NULL,'CD-CZH000001');
INSERT INTO `tsys_menu_role` (`role_code`,`menu_code`,`updater`,`update_datetime`,`remark`,`system_code`) VALUES ('SR201600000000000000','SM2016120816125733948','admin',now(),NULL,'CD-CZH000001');
INSERT INTO `tsys_menu_role` (`role_code`,`menu_code`,`updater`,`update_datetime`,`remark`,`system_code`) VALUES ('SR201600000000000000','SM2016120816133940523','admin',now(),NULL,'CD-CZH000001');
INSERT INTO `tsys_menu_role` (`role_code`,`menu_code`,`updater`,`update_datetime`,`remark`,`system_code`) VALUES ('SR201600000000000000','SM2016120710443551388','admin',now(),NULL,'CD-CZH000001');
INSERT INTO `tsys_menu_role` (`role_code`,`menu_code`,`updater`,`update_datetime`,`remark`,`system_code`) VALUES ('SR201600000000000000','SM2016120911033945882','admin',now(),NULL,'CD-CZH000001');
INSERT INTO `tsys_menu_role` (`role_code`,`menu_code`,`updater`,`update_datetime`,`remark`,`system_code`) VALUES ('SR201600000000000000','SM2016120911042060088','admin',now(),NULL,'CD-CZH000001');
INSERT INTO `tsys_menu_role` (`role_code`,`menu_code`,`updater`,`update_datetime`,`remark`,`system_code`) VALUES ('SR201600000000000000','SM2016120710225078473','admin',now(),NULL,'CD-CZH000001');
INSERT INTO `tsys_menu_role` (`role_code`,`menu_code`,`updater`,`update_datetime`,`remark`,`system_code`) VALUES ('SR201600000000000000','SM2016120710470696888','admin',now(),NULL,'CD-CZH000001');
INSERT INTO `tsys_menu_role` (`role_code`,`menu_code`,`updater`,`update_datetime`,`remark`,`system_code`) VALUES ('SR201600000000000000','SM201612091114505291','admin',now(),NULL,'CD-CZH000001');
INSERT INTO `tsys_menu_role` (`role_code`,`menu_code`,`updater`,`update_datetime`,`remark`,`system_code`) VALUES ('SR201600000000000000','SM2016120911160661084','admin',now(),NULL,'CD-CZH000001');
INSERT INTO `tsys_menu_role` (`role_code`,`menu_code`,`updater`,`update_datetime`,`remark`,`system_code`) VALUES ('SR201600000000000000','SM2016120710484209132','admin',now(),NULL,'CD-CZH000001');
INSERT INTO `tsys_menu_role` (`role_code`,`menu_code`,`updater`,`update_datetime`,`remark`,`system_code`) VALUES ('SR201600000000000000','SM2016120911293120195','admin',now(),NULL,'CD-CZH000001');
INSERT INTO `tsys_menu_role` (`role_code`,`menu_code`,`updater`,`update_datetime`,`remark`,`system_code`) VALUES ('SR201600000000000000','SM2016120911301231346','admin',now(),NULL,'CD-CZH000001');
INSERT INTO `tsys_menu_role` (`role_code`,`menu_code`,`updater`,`update_datetime`,`remark`,`system_code`) VALUES ('SR201600000000000000','SM2016120710233232137','admin',now(),NULL,'CD-CZH000001');
INSERT INTO `tsys_menu_role` (`role_code`,`menu_code`,`updater`,`update_datetime`,`remark`,`system_code`) VALUES ('SR201600000000000000','SM2016120710583381112','admin',now(),NULL,'CD-CZH000001');
INSERT INTO `tsys_menu_role` (`role_code`,`menu_code`,`updater`,`update_datetime`,`remark`,`system_code`) VALUES ('SR201600000000000000','SM2016120711000374838','admin',now(),NULL,'CD-CZH000001');
INSERT INTO `tsys_menu_role` (`role_code`,`menu_code`,`updater`,`update_datetime`,`remark`,`system_code`) VALUES ('SR201600000000000000','SM2016120710242555432','admin',now(),NULL,'CD-CZH000001');
INSERT INTO `tsys_menu_role` (`role_code`,`menu_code`,`updater`,`update_datetime`,`remark`,`system_code`) VALUES ('SR201600000000000000','SM2016120711021944714','admin',now(),NULL,'CD-CZH000001');
INSERT INTO `tsys_menu_role` (`role_code`,`menu_code`,`updater`,`update_datetime`,`remark`,`system_code`) VALUES ('SR201600000000000000','SM2016120711034365344','admin',now(),NULL,'CD-CZH000001');
INSERT INTO `tsys_menu_role` (`role_code`,`menu_code`,`updater`,`update_datetime`,`remark`,`system_code`) VALUES ('SR201600000000000000','SM2016120710251765049','admin',now(),NULL,'CD-CZH000001');
INSERT INTO `tsys_menu_role` (`role_code`,`menu_code`,`updater`,`update_datetime`,`remark`,`system_code`) VALUES ('SR201600000000000000','SM2016120711095973678','admin',now(),NULL,'CD-CZH000001');
INSERT INTO `tsys_menu_role` (`role_code`,`menu_code`,`updater`,`update_datetime`,`remark`,`system_code`) VALUES ('SR201600000000000000','SM2016120710261005778','admin',now(),NULL,'CD-CZH000001');
INSERT INTO `tsys_menu_role` (`role_code`,`menu_code`,`updater`,`update_datetime`,`remark`,`system_code`) VALUES ('SR201600000000000000','SM2016120711492601376','admin',now(),NULL,'CD-CZH000001');
INSERT INTO `tsys_menu_role` (`role_code`,`menu_code`,`updater`,`update_datetime`,`remark`,`system_code`) VALUES ('SR201600000000000000','SM2016120713315874098','admin',now(),NULL,'CD-CZH000001');
INSERT INTO `tsys_menu_role` (`role_code`,`menu_code`,`updater`,`update_datetime`,`remark`,`system_code`) VALUES ('SR201600000000000000','SM201612071333260150','admin',now(),NULL,'CD-CZH000001');
INSERT INTO `tsys_menu_role` (`role_code`,`menu_code`,`updater`,`update_datetime`,`remark`,`system_code`) VALUES ('SR201600000000000000','SM2016120713350008767','admin',now(),NULL,'CD-CZH000001');
INSERT INTO `tsys_menu_role` (`role_code`,`menu_code`,`updater`,`update_datetime`,`remark`,`system_code`) VALUES ('SR201600000000000000','SM201612121417489854','admin',now(),NULL,'CD-CZH000001');
INSERT INTO `tsys_menu_role` (`role_code`,`menu_code`,`updater`,`update_datetime`,`remark`,`system_code`) VALUES ('SR201600000000000000','SM2016121214325248217','admin',now(),NULL,'CD-CZH000001');
INSERT INTO `tsys_menu_role` (`role_code`,`menu_code`,`updater`,`update_datetime`,`remark`,`system_code`) VALUES ('SR201600000000000000','SM2016121214352376049','admin',now(),NULL,'CD-CZH000001');
INSERT INTO `tsys_menu_role` (`role_code`,`menu_code`,`updater`,`update_datetime`,`remark`,`system_code`) VALUES ('SR201600000000000000','SM2016121214362106650','admin',now(),NULL,'CD-CZH000001');
INSERT INTO `tsys_menu_role` (`role_code`,`menu_code`,`updater`,`update_datetime`,`remark`,`system_code`) VALUES ('SR201600000000000000','SM2016121214363809593','admin',now(),NULL,'CD-CZH000001');
INSERT INTO `tsys_menu_role` (`role_code`,`menu_code`,`updater`,`update_datetime`,`remark`,`system_code`) VALUES ('SR201600000000000000','SM2016121214365781512','admin',now(),NULL,'CD-CZH000001');
INSERT INTO `tsys_menu_role` (`role_code`,`menu_code`,`updater`,`update_datetime`,`remark`,`system_code`) VALUES ('SR201600000000000000','SM2016121214373237174','admin',now(),NULL,'CD-CZH000001');
INSERT INTO `tsys_menu_role` (`role_code`,`menu_code`,`updater`,`update_datetime`,`remark`,`system_code`) VALUES ('SR201600000000000000','SM2016121214380315234','admin',now(),NULL,'CD-CZH000001');
INSERT INTO `tsys_menu_role` (`role_code`,`menu_code`,`updater`,`update_datetime`,`remark`,`system_code`) VALUES ('SR201600000000000000','SM2016121214381922945','admin',now(),NULL,'CD-CZH000001');
INSERT INTO `tsys_menu_role` (`role_code`,`menu_code`,`updater`,`update_datetime`,`remark`,`system_code`) VALUES ('SR201600000000000000','SM201612121442020218','admin',now(),NULL,'CD-CZH000001');
INSERT INTO `tsys_menu_role` (`role_code`,`menu_code`,`updater`,`update_datetime`,`remark`,`system_code`) VALUES ('SR201600000000000000','SM201612121442262686','admin',now(),NULL,'CD-CZH000001');
INSERT INTO `tsys_menu_role` (`role_code`,`menu_code`,`updater`,`update_datetime`,`remark`,`system_code`) VALUES ('SR201600000000000000','SM2016121214424548012','admin',now(),NULL,'CD-CZH000001');
INSERT INTO `tsys_menu_role` (`role_code`,`menu_code`,`updater`,`update_datetime`,`remark`,`system_code`) VALUES ('SR201600000000000000','SM2016121214431210560','admin',now(),NULL,'CD-CZH000001');
INSERT INTO `tsys_menu_role` (`role_code`,`menu_code`,`updater`,`update_datetime`,`remark`,`system_code`) VALUES ('SR201600000000000000','SM2016121214435061029','admin',now(),NULL,'CD-CZH000001');
INSERT INTO `tsys_menu_role` (`role_code`,`menu_code`,`updater`,`update_datetime`,`remark`,`system_code`) VALUES ('SR201600000000000000','SM2016121214444685582','admin',now(),NULL,'CD-CZH000001');
INSERT INTO `tsys_menu_role` (`role_code`,`menu_code`,`updater`,`update_datetime`,`remark`,`system_code`) VALUES ('SR201600000000000000','SM2016121214451800642','admin',now(),NULL,'CD-CZH000001');
INSERT INTO `tsys_menu_role` (`role_code`,`menu_code`,`updater`,`update_datetime`,`remark`,`system_code`) VALUES ('SR201600000000000000','SM2016121214454009858','admin',now(),NULL,'CD-CZH000001');
INSERT INTO `tsys_menu_role` (`role_code`,`menu_code`,`updater`,`update_datetime`,`remark`,`system_code`) VALUES ('SR201600000000000000','SM2016121214461300741','admin',now(),NULL,'CD-CZH000001');
INSERT INTO `tsys_menu_role` (`role_code`,`menu_code`,`updater`,`update_datetime`,`remark`,`system_code`) VALUES ('SR201600000000000000','SM2016121214470517562','admin',now(),NULL,'CD-CZH000001');
INSERT INTO `tsys_menu_role` (`role_code`,`menu_code`,`updater`,`update_datetime`,`remark`,`system_code`) VALUES ('SR201600000000000000','SM2016121214481743755','admin',now(),NULL,'CD-CZH000001');
INSERT INTO `tsys_menu_role` (`role_code`,`menu_code`,`updater`,`update_datetime`,`remark`,`system_code`) VALUES ('SR201600000000000000','SM2016121214490617928','admin',now(),NULL,'CD-CZH000001');
INSERT INTO `tsys_menu_role` (`role_code`,`menu_code`,`updater`,`update_datetime`,`remark`,`system_code`) VALUES ('SR201600000000000000','SM2016121214495421331','admin',now(),NULL,'CD-CZH000001');
INSERT INTO `tsys_menu_role` (`role_code`,`menu_code`,`updater`,`update_datetime`,`remark`,`system_code`) VALUES ('SR201600000000000000','SM2016121215224762287','admin',now(),NULL,'CD-CZH000001');
INSERT INTO `tsys_menu_role` (`role_code`,`menu_code`,`updater`,`update_datetime`,`remark`,`system_code`) VALUES ('SR201600000000000000','SM2016121215231084357','admin',now(),NULL,'CD-CZH000001');
INSERT INTO `tsys_menu_role` (`role_code`,`menu_code`,`updater`,`update_datetime`,`remark`,`system_code`) VALUES ('SR201600000000000000','SM201612121523320451','admin',now(),NULL,'CD-CZH000001');
INSERT INTO `tsys_menu_role` (`role_code`,`menu_code`,`updater`,`update_datetime`,`remark`,`system_code`) VALUES ('SR201600000000000000','SM2016121215243785360','admin',now(),NULL,'CD-CZH000001');
INSERT INTO `tsys_menu_role` (`role_code`,`menu_code`,`updater`,`update_datetime`,`remark`,`system_code`) VALUES ('SR201600000000000000','SM2016121215251717619','admin',now(),NULL,'CD-CZH000001');
INSERT INTO `tsys_menu_role` (`role_code`,`menu_code`,`updater`,`update_datetime`,`remark`,`system_code`) VALUES ('SR201600000000000000','SM2016121215255452846','admin',now(),NULL,'CD-CZH000001');
INSERT INTO `tsys_menu_role` (`role_code`,`menu_code`,`updater`,`update_datetime`,`remark`,`system_code`) VALUES ('SR201600000000000000','SM2016121215265650515','admin',now(),NULL,'CD-CZH000001');
INSERT INTO `tsys_menu_role` (`role_code`,`menu_code`,`updater`,`update_datetime`,`remark`,`system_code`) VALUES ('SR201600000000000000','SM2016121215272427591','admin',now(),NULL,'CD-CZH000001');
INSERT INTO `tsys_menu_role` (`role_code`,`menu_code`,`updater`,`update_datetime`,`remark`,`system_code`) VALUES ('SR201600000000000000','SM2016121215275638278','admin',now(),NULL,'CD-CZH000001');
INSERT INTO `tsys_menu_role` (`role_code`,`menu_code`,`updater`,`update_datetime`,`remark`,`system_code`) VALUES ('SR201600000000000000','SM2016121215281752118','admin',now(),NULL,'CD-CZH000001');
INSERT INTO `tsys_menu_role` (`role_code`,`menu_code`,`updater`,`update_datetime`,`remark`,`system_code`) VALUES ('SR201600000000000000','SM2016121215304545522','admin',now(),NULL,'CD-CZH000001');
INSERT INTO `tsys_menu_role` (`role_code`,`menu_code`,`updater`,`update_datetime`,`remark`,`system_code`) VALUES ('SR201600000000000000','SM2016121215310612145','admin',now(),NULL,'CD-CZH000001');
INSERT INTO `tsys_menu_role` (`role_code`,`menu_code`,`updater`,`update_datetime`,`remark`,`system_code`) VALUES ('SR201600000000000000','SM2016121215323620971','admin',now(),NULL,'CD-CZH000001');
INSERT INTO `tsys_menu_role` (`role_code`,`menu_code`,`updater`,`update_datetime`,`remark`,`system_code`) VALUES ('SR201600000000000000','SM2016121215325117652','admin',now(),NULL,'CD-CZH000001');
INSERT INTO `tsys_menu_role` (`role_code`,`menu_code`,`updater`,`update_datetime`,`remark`,`system_code`) VALUES ('SR201600000000000000','SM2016121215332251046','admin',now(),NULL,'CD-CZH000001');
INSERT INTO `tsys_menu_role` (`role_code`,`menu_code`,`updater`,`update_datetime`,`remark`,`system_code`) VALUES ('SR201600000000000000','SM2016121215342898771','admin',now(),NULL,'CD-CZH000001');
INSERT INTO `tsys_menu_role` (`role_code`,`menu_code`,`updater`,`update_datetime`,`remark`,`system_code`) VALUES ('SR201600000000000000','SM2016121215345041790','admin',now(),NULL,'CD-CZH000001');
INSERT INTO `tsys_menu_role` (`role_code`,`menu_code`,`updater`,`update_datetime`,`remark`,`system_code`) VALUES ('SR201600000000000000','SM2016121215411661735','admin',now(),NULL,'CD-CZH000001');
INSERT INTO `tsys_menu_role` (`role_code`,`menu_code`,`updater`,`update_datetime`,`remark`,`system_code`) VALUES ('SR201600000000000000','SM2016121215414008454','admin',now(),NULL,'CD-CZH000001');
INSERT INTO `tsys_menu_role` (`role_code`,`menu_code`,`updater`,`update_datetime`,`remark`,`system_code`) VALUES ('SR201600000000000000','SM2016121215431330778','admin',now(),NULL,'CD-CZH000001');
INSERT INTO `tsys_menu_role` (`role_code`,`menu_code`,`updater`,`update_datetime`,`remark`,`system_code`) VALUES ('SR201600000000000000','SM2016121215435401753','admin',now(),NULL,'CD-CZH000001');
INSERT INTO `tsys_menu_role` (`role_code`,`menu_code`,`updater`,`update_datetime`,`remark`,`system_code`) VALUES ('SR201600000000000000','SM2016121215443012922','admin',now(),NULL,'CD-CZH000001');
INSERT INTO `tsys_menu_role` (`role_code`,`menu_code`,`updater`,`update_datetime`,`remark`,`system_code`) VALUES ('SR201600000000000000','SM2016121215444925722','admin',now(),NULL,'CD-CZH000001');
INSERT INTO `tsys_menu_role` (`role_code`,`menu_code`,`updater`,`update_datetime`,`remark`,`system_code`) VALUES ('SR201600000000000000','SM2016121215462081241','admin',now(),NULL,'CD-CZH000001');
INSERT INTO `tsys_menu_role` (`role_code`,`menu_code`,`updater`,`update_datetime`,`remark`,`system_code`) VALUES ('SR201600000000000000','SM2016121215465935188','admin',now(),NULL,'CD-CZH000001');
INSERT INTO `tsys_menu_role` (`role_code`,`menu_code`,`updater`,`update_datetime`,`remark`,`system_code`) VALUES ('SR201600000000000000','SM2016121215475590373','admin',now(),NULL,'CD-CZH000001');
INSERT INTO `tsys_menu_role` (`role_code`,`menu_code`,`updater`,`update_datetime`,`remark`,`system_code`) VALUES ('SR201600000000000000','SM2016121215491223788','admin',now(),NULL,'CD-CZH000001');
INSERT INTO `tsys_menu_role` (`role_code`,`menu_code`,`updater`,`update_datetime`,`remark`,`system_code`) VALUES ('SR201600000000000000','SM2016121215501001074','admin',now(),NULL,'CD-CZH000001');
INSERT INTO `tsys_menu_role` (`role_code`,`menu_code`,`updater`,`update_datetime`,`remark`,`system_code`) VALUES ('SR201600000000000000','SM2016121215511604893','admin',now(),NULL,'CD-CZH000001');
INSERT INTO `tsys_menu_role` (`role_code`,`menu_code`,`updater`,`update_datetime`,`remark`,`system_code`) VALUES ('SR201600000000000000','SM2016121215513360129','admin',now(),NULL,'CD-CZH000001');
INSERT INTO `tsys_menu_role` (`role_code`,`menu_code`,`updater`,`update_datetime`,`remark`,`system_code`) VALUES ('SR201600000000000000','SM2016121215521211246','admin',now(),NULL,'CD-CZH000001');
INSERT INTO `tsys_menu_role` (`role_code`,`menu_code`,`updater`,`update_datetime`,`remark`,`system_code`) VALUES ('SR201600000000000000','SM2016121215522782115','admin',now(),NULL,'CD-CZH000001');
INSERT INTO `tsys_menu_role` (`role_code`,`menu_code`,`updater`,`update_datetime`,`remark`,`system_code`) VALUES ('SR201600000000000000','SM2016121215524418148','admin',now(),NULL,'CD-CZH000001');
INSERT INTO `tsys_menu_role` (`role_code`,`menu_code`,`updater`,`update_datetime`,`remark`,`system_code`) VALUES ('SR201600000000000000','SM2016121215534398095','admin',now(),NULL,'CD-CZH000001');
INSERT INTO `tsys_menu_role` (`role_code`,`menu_code`,`updater`,`update_datetime`,`remark`,`system_code`) VALUES ('SR201600000000000000','SM2016121215543215610','admin',now(),NULL,'CD-CZH000001');
INSERT INTO `tsys_menu_role` (`role_code`,`menu_code`,`updater`,`update_datetime`,`remark`,`system_code`) VALUES ('SR201600000000000000','SM2016121215550321785','admin',now(),NULL,'CD-CZH000001');
INSERT INTO `tsys_menu_role` (`role_code`,`menu_code`,`updater`,`update_datetime`,`remark`,`system_code`) VALUES ('SR201600000000000000','SM2016121215581659738','admin',now(),NULL,'CD-CZH000001');
INSERT INTO `tsys_menu_role` (`role_code`,`menu_code`,`updater`,`update_datetime`,`remark`,`system_code`) VALUES ('SR201600000000000000','SM2016121215584215568','admin',now(),NULL,'CD-CZH000001');
INSERT INTO `tsys_menu_role` (`role_code`,`menu_code`,`updater`,`update_datetime`,`remark`,`system_code`) VALUES ('SR201600000000000000','SM2016121215590135675','admin',now(),NULL,'CD-CZH000001');
INSERT INTO `tsys_menu_role` (`role_code`,`menu_code`,`updater`,`update_datetime`,`remark`,`system_code`) VALUES ('SR201600000000000000','SM2016121215592553949','admin',now(),NULL,'CD-CZH000001');
INSERT INTO `tsys_menu_role` (`role_code`,`menu_code`,`updater`,`update_datetime`,`remark`,`system_code`) VALUES ('SR201600000000000000','SM2016121216034068624','admin',now(),NULL,'CD-CZH000001');
INSERT INTO `tsys_menu_role` (`role_code`,`menu_code`,`updater`,`update_datetime`,`remark`,`system_code`) VALUES ('SR201600000000000000','SM2016121216040106058','admin',now(),NULL,'CD-CZH000001');
INSERT INTO `tsys_menu_role` (`role_code`,`menu_code`,`updater`,`update_datetime`,`remark`,`system_code`) VALUES ('SR201600000000000000','SM2016121216045274832','admin',now(),NULL,'CD-CZH000001');
INSERT INTO `tsys_menu_role` (`role_code`,`menu_code`,`updater`,`update_datetime`,`remark`,`system_code`) VALUES ('SR201600000000000000','SM2016121610074423689','admin',now(),NULL,'CD-CZH000001');
INSERT INTO `tsys_menu_role` (`role_code`,`menu_code`,`updater`,`update_datetime`,`remark`,`system_code`) VALUES ('SR201600000000000000','SM2016121610081124138','admin',now(),NULL,'CD-CZH000001');
INSERT INTO `tsys_menu_role` (`role_code`,`menu_code`,`updater`,`update_datetime`,`remark`,`system_code`) VALUES ('SR201600000000000000','SM2016121610083504294','admin',now(),NULL,'CD-CZH000001');
INSERT INTO `tsys_menu_role` (`role_code`,`menu_code`,`updater`,`update_datetime`,`remark`,`system_code`) VALUES ('SR201600000000000000','SM2016121610085798139','admin',now(),NULL,'CD-CZH000001');
INSERT INTO `tsys_menu_role` (`role_code`,`menu_code`,`updater`,`update_datetime`,`remark`,`system_code`) VALUES ('SR201600000000000000','SM2016121610102404834','admin',now(),NULL,'CD-CZH000001');
INSERT INTO `tsys_menu_role` (`role_code`,`menu_code`,`updater`,`update_datetime`,`remark`,`system_code`) VALUES ('SR201600000000000000','SM2016121216055859786','admin',now(),NULL,'CD-CZH000001');
INSERT INTO `tsys_menu_role` (`role_code`,`menu_code`,`updater`,`update_datetime`,`remark`,`system_code`) VALUES ('SR201600000000000000','SM2016121216070440235','admin',now(),NULL,'CD-CZH000001');
INSERT INTO `tsys_menu_role` (`role_code`,`menu_code`,`updater`,`update_datetime`,`remark`,`system_code`) VALUES ('SR201600000000000000','SM2016121216081334671','admin',now(),NULL,'CD-CZH000001');
INSERT INTO `tsys_menu_role` (`role_code`,`menu_code`,`updater`,`update_datetime`,`remark`,`system_code`) VALUES ('SR201600000000000000','SM2016121216083080679','admin',now(),NULL,'CD-CZH000001');
INSERT INTO `tsys_menu_role` (`role_code`,`menu_code`,`updater`,`update_datetime`,`remark`,`system_code`) VALUES ('SR201600000000000000','SM2016121216084598347','admin',now(),NULL,'CD-CZH000001');
INSERT INTO `tsys_menu_role` (`role_code`,`menu_code`,`updater`,`update_datetime`,`remark`,`system_code`) VALUES ('SR201600000000000000','SM2016121214181342425','admin',now(),NULL,'CD-CZH000001');

/*
-- Query: select `system_code`,`type`,`parent_key`,`dkey`,`dvalue`,`updater`,now() as update_datetime,`remark` from tsys_dict
LIMIT 0, 5000

-- Date: 2016-12-17 17:16
*/
INSERT INTO `tsys_dict` (`system_code`,`type`,`parent_key`,`dkey`,`dvalue`,`updater`,`update_datetime`,`remark`) VALUES ('CD-CZH000001','0',NULL,'user_status','用户状态','admin',now(),NULL);
INSERT INTO `tsys_dict` (`system_code`,`type`,`parent_key`,`dkey`,`dvalue`,`updater`,`update_datetime`,`remark`) VALUES ('CD-CZH000001','1','user_status','0','正常','admin',now(),NULL);
INSERT INTO `tsys_dict` (`system_code`,`type`,`parent_key`,`dkey`,`dvalue`,`updater`,`update_datetime`,`remark`) VALUES ('CD-CZH000001','1','user_status','1','程序锁定','admin',now(),NULL);
INSERT INTO `tsys_dict` (`system_code`,`type`,`parent_key`,`dkey`,`dvalue`,`updater`,`update_datetime`,`remark`) VALUES ('CD-CZH000001','1','user_status','2','人工锁定','admin',now(),NULL);
INSERT INTO `tsys_dict` (`system_code`,`type`,`parent_key`,`dkey`,`dvalue`,`updater`,`update_datetime`,`remark`) VALUES ('CD-CZH000001','0',NULL,'id_kind','证件类型','admin',now(),NULL);
INSERT INTO `tsys_dict` (`system_code`,`type`,`parent_key`,`dkey`,`dvalue`,`updater`,`update_datetime`,`remark`) VALUES ('CD-CZH000001','1','id_kind','1','身份证','admin',now(),NULL);
INSERT INTO `tsys_dict` (`system_code`,`type`,`parent_key`,`dkey`,`dvalue`,`updater`,`update_datetime`,`remark`) VALUES ('CD-CZH000001','0',NULL,'role_level','角色等级','admin',now(),NULL);
INSERT INTO `tsys_dict` (`system_code`,`type`,`parent_key`,`dkey`,`dvalue`,`updater`,`update_datetime`,`remark`) VALUES ('CD-CZH000001','1','role_level','1','运维','admin',now(),NULL);
INSERT INTO `tsys_dict` (`system_code`,`type`,`parent_key`,`dkey`,`dvalue`,`updater`,`update_datetime`,`remark`) VALUES ('CD-CZH000001','1','role_level','2','运营','admin',now(),NULL);
INSERT INTO `tsys_dict` (`system_code`,`type`,`parent_key`,`dkey`,`dvalue`,`updater`,`update_datetime`,`remark`) VALUES ('CD-CZH000001','1','role_level','3','客户','admin',now(),NULL);
INSERT INTO `tsys_dict` (`system_code`,`type`,`parent_key`,`dkey`,`dvalue`,`updater`,`update_datetime`,`remark`) VALUES ('CD-CZH000001','0',NULL,'res_type','资源类型','admin',now(),NULL);
INSERT INTO `tsys_dict` (`system_code`,`type`,`parent_key`,`dkey`,`dvalue`,`updater`,`update_datetime`,`remark`) VALUES ('CD-CZH000001','1','res_type','1','菜单','admin',now(),NULL);
INSERT INTO `tsys_dict` (`system_code`,`type`,`parent_key`,`dkey`,`dvalue`,`updater`,`update_datetime`,`remark`) VALUES ('CD-CZH000001','1','res_type','2','按钮','admin',now(),NULL);
INSERT INTO `tsys_dict` (`system_code`,`type`,`parent_key`,`dkey`,`dvalue`,`updater`,`update_datetime`,`remark`) VALUES ('CD-CZH000001','0',NULL,'lock_direction','锁定方向','admin',now(),NULL);
INSERT INTO `tsys_dict` (`system_code`,`type`,`parent_key`,`dkey`,`dvalue`,`updater`,`update_datetime`,`remark`) VALUES ('CD-CZH000001','1','lock_direction','1','用锁','admin',now(),NULL);
INSERT INTO `tsys_dict` (`system_code`,`type`,`parent_key`,`dkey`,`dvalue`,`updater`,`update_datetime`,`remark`) VALUES ('CD-CZH000001','1','lock_direction','2','解锁','admin',now(),NULL);
INSERT INTO `tsys_dict` (`system_code`,`type`,`parent_key`,`dkey`,`dvalue`,`updater`,`update_datetime`,`remark`) VALUES ('CD-CZH000001','0',NULL,'notice_status','公告状态','admin',now(),NULL);
INSERT INTO `tsys_dict` (`system_code`,`type`,`parent_key`,`dkey`,`dvalue`,`updater`,`update_datetime`,`remark`) VALUES ('CD-CZH000001','1','notice_status','0','待发送','admin',now(),NULL);
INSERT INTO `tsys_dict` (`system_code`,`type`,`parent_key`,`dkey`,`dvalue`,`updater`,`update_datetime`,`remark`) VALUES ('CD-CZH000001','1','notice_status','1','使用中','admin',now(),NULL);
INSERT INTO `tsys_dict` (`system_code`,`type`,`parent_key`,`dkey`,`dvalue`,`updater`,`update_datetime`,`remark`) VALUES ('CD-CZH000001','1','notice_status','2','过期','admin',now(),NULL);
INSERT INTO `tsys_dict` (`system_code`,`type`,`parent_key`,`dkey`,`dvalue`,`updater`,`update_datetime`,`remark`) VALUES ('CD-CZH000001','0',NULL,'news_status','信息状态','admin',now(),NULL);
INSERT INTO `tsys_dict` (`system_code`,`type`,`parent_key`,`dkey`,`dvalue`,`updater`,`update_datetime`,`remark`) VALUES ('CD-CZH000001','1','news_status','0','待发送','admin',now(),NULL);
INSERT INTO `tsys_dict` (`system_code`,`type`,`parent_key`,`dkey`,`dvalue`,`updater`,`update_datetime`,`remark`) VALUES ('CD-CZH000001','1','news_status','1','已发送','admin',now(),NULL);
INSERT INTO `tsys_dict` (`system_code`,`type`,`parent_key`,`dkey`,`dvalue`,`updater`,`update_datetime`,`remark`) VALUES ('CD-CZH000001','1','news_status','2','发送失败','admin',now(),NULL);
INSERT INTO `tsys_dict` (`system_code`,`type`,`parent_key`,`dkey`,`dvalue`,`updater`,`update_datetime`,`remark`) VALUES ('CD-CZH000001','0',NULL,'toKind','针对人群','admin',now(),NULL);
INSERT INTO `tsys_dict` (`system_code`,`type`,`parent_key`,`dkey`,`dvalue`,`updater`,`update_datetime`,`remark`) VALUES ('CD-CZH000001','1','toKind','1','C端用户','admin',now(),NULL);
INSERT INTO `tsys_dict` (`system_code`,`type`,`parent_key`,`dkey`,`dvalue`,`updater`,`update_datetime`,`remark`) VALUES ('CD-CZH000001','1','toKind','2','B端用户','admin',now(),NULL);
INSERT INTO `tsys_dict` (`system_code`,`type`,`parent_key`,`dkey`,`dvalue`,`updater`,`update_datetime`,`remark`) VALUES ('CD-CZH000001','1','toKind','3','平台用户','admin',now(),NULL);
INSERT INTO `tsys_dict` (`system_code`,`type`,`parent_key`,`dkey`,`dvalue`,`updater`,`update_datetime`,`remark`) VALUES ('CD-CZH000001','0',NULL,'order_status','订单状态','admin',now(),'');
INSERT INTO `tsys_dict` (`system_code`,`type`,`parent_key`,`dkey`,`dvalue`,`updater`,`update_datetime`,`remark`) VALUES ('CD-CZH000001','1','order_status','1','待支付','admin',now(),'');
INSERT INTO `tsys_dict` (`system_code`,`type`,`parent_key`,`dkey`,`dvalue`,`updater`,`update_datetime`,`remark`) VALUES ('CD-CZH000001','1','order_status','2','已支付待发货','admin',now(),'');
INSERT INTO `tsys_dict` (`system_code`,`type`,`parent_key`,`dkey`,`dvalue`,`updater`,`update_datetime`,`remark`) VALUES ('CD-CZH000001','1','order_status','3','已发货待收货','admin',now(),'');
INSERT INTO `tsys_dict` (`system_code`,`type`,`parent_key`,`dkey`,`dvalue`,`updater`,`update_datetime`,`remark`) VALUES ('CD-CZH000001','1','order_status','4','已收货','admin',now(),'');
INSERT INTO `tsys_dict` (`system_code`,`type`,`parent_key`,`dkey`,`dvalue`,`updater`,`update_datetime`,`remark`) VALUES ('CD-CZH000001','1','order_status','91','用户取消','admin',now(),'');
INSERT INTO `tsys_dict` (`system_code`,`type`,`parent_key`,`dkey`,`dvalue`,`updater`,`update_datetime`,`remark`) VALUES ('CD-CZH000001','1','order_status','92','商户取消','admin',now(),'');
INSERT INTO `tsys_dict` (`system_code`,`type`,`parent_key`,`dkey`,`dvalue`,`updater`,`update_datetime`,`remark`) VALUES ('CD-CZH000001','1','order_status','93','快递异常','admin',now(),'');
INSERT INTO `tsys_dict` (`system_code`,`type`,`parent_key`,`dkey`,`dvalue`,`updater`,`update_datetime`,`remark`) VALUES ('CD-CZH000001','0',NULL,'product_status','商品状态','admin',now(),'');
INSERT INTO `tsys_dict` (`system_code`,`type`,`parent_key`,`dkey`,`dvalue`,`updater`,`update_datetime`,`remark`) VALUES ('CD-CZH000001','1','product_status','0','待审批','admin',now(),'');
INSERT INTO `tsys_dict` (`system_code`,`type`,`parent_key`,`dkey`,`dvalue`,`updater`,`update_datetime`,`remark`) VALUES ('CD-CZH000001','1','product_status','1','审批通过','admin',now(),'');
INSERT INTO `tsys_dict` (`system_code`,`type`,`parent_key`,`dkey`,`dvalue`,`updater`,`update_datetime`,`remark`) VALUES ('CD-CZH000001','1','product_status','2','审批不通过','admin',now(),'');
INSERT INTO `tsys_dict` (`system_code`,`type`,`parent_key`,`dkey`,`dvalue`,`updater`,`update_datetime`,`remark`) VALUES ('CD-CZH000001','0',NULL,'pro_location','商品位置','admin',now(),'');
INSERT INTO `tsys_dict` (`system_code`,`type`,`parent_key`,`dkey`,`dvalue`,`updater`,`update_datetime`,`remark`) VALUES ('CD-CZH000001','1','pro_location','1','普通','admin',now(),'');
INSERT INTO `tsys_dict` (`system_code`,`type`,`parent_key`,`dkey`,`dvalue`,`updater`,`update_datetime`,`remark`) VALUES ('CD-CZH000001','1','pro_location','2','热门','admin',now(),'');
INSERT INTO `tsys_dict` (`system_code`,`type`,`parent_key`,`dkey`,`dvalue`,`updater`,`update_datetime`,`remark`) VALUES ('CD-CZH000001','0',NULL,'banner_location',' 广告图位置','admin',now(),'');
INSERT INTO `tsys_dict` (`system_code`,`type`,`parent_key`,`dkey`,`dvalue`,`updater`,`update_datetime`,`remark`) VALUES ('CD-CZH000001','1','banner_location','1','用户首页','admin',now(),'');
INSERT INTO `tsys_dict` (`system_code`,`type`,`parent_key`,`dkey`,`dvalue`,`updater`,`update_datetime`,`remark`) VALUES ('CD-CZH000001','1','product_status','3','已上架','admin',now(),'');
INSERT INTO `tsys_dict` (`system_code`,`type`,`parent_key`,`dkey`,`dvalue`,`updater`,`update_datetime`,`remark`) VALUES ('CD-CZH000001','1','product_status','4','已下架','admin',now(),'');